longname,glot_fam,VS,VO,PN,NG,NA,ND,NNum,NRc,PolQ,NegM
NC.BANTOID.A53_BAFIA_RIKPA,Atlantic-Congo,,,2,2,2,2,2,1,,
NC.BANTOID.A72a_EWONDO,Atlantic-Congo,1,2,2,2,2,2,2,1,1,2
Sep.UPPER_SEPIK.ABAU,Sepik,1,1,1,1,,2,2,,,
Sep.UPPER_SEPIK.ABAU_2,Sepik,1,1,1,1,,2,2,,,
Gcu.SOUTH_GUAICURUAN.ABIPON,Guaicuruan,1,2,2,,,1,,1,,2
NWC.NORTHWEST_CAUCASIAN.ABKHAZ,Abkhaz-Adyge,1,1,1,1,2,1,,2,2,1
TAP.GREATER_ALOR.ABUI,Timor-Alor-Pantar,1,1,,1,2,1,2,1,,
TAP.GREATER_ALOR.ABUI_ATIMELANG,Timor-Alor-Pantar,1,1,,1,2,1,2,1,,
TAP.GREATER_ALOR.ABUI_MAKADAI,Timor-Alor-Pantar,1,1,,1,2,1,2,1,,
TAP.GREATER_ALOR.ABUI_TAKALELANG,Timor-Alor-Pantar,1,1,,1,2,1,2,1,,
WP.NORTH_CENTRAL_BIRDS_HEAD.ABUN,Abun,1,2,2,1,2,2,2,1,1,
An.MALAYO_SUMBAWAN.ACEH,Austronesian,,,2,2,2,2,1,1,1,
Arw.INLAND_NORTHERN_ARAWAKAN.ACHAGUA,Arawakan,1,2,1,1,2,,,1,,
ST.BURMESE_LOLO.ACHANG,Sino-Tibetan,1,1,1,1,,2,2,2,1,
ESu.NILOTIC.ACHOLI,Nilotic,1,2,2,2,2,,2,1,,
ESu.NILOTIC.ACHOLI_2,Nilotic,1,2,2,2,2,,2,1,,
TAP.GREATER_ALOR.ADANG,Timor-Alor-Pantar,1,1,1,1,2,2,2,,,2
TAP.GREATER_ALOR.ADANG_PITUNG,Timor-Alor-Pantar,1,1,1,1,2,2,2,,,2
NC.KWA.ADIOUKROU,Atlantic-Congo,1,2,1,1,2,2,2,1,1,1
An.OCEANIC.ADZERA,Austronesian,1,2,2,1,2,2,2,1,,1
AA.LOWLAND_EAST_CUSHITIC.AFAR,Afro-Asiatic,1,1,1,1,1,1,1,2,,
AA.LOWLAND_EAST_CUSHITIC.AFAR_2,Afro-Asiatic,1,1,1,1,1,1,1,2,,
TNG.EASTERN_HIGHLANDS.AGARABI,Nuclear_Trans_New_Guinea,1,1,,1,1,,1,,2,
NC.BANTOID.AGHEM_ISU,Atlantic-Congo,1,2,,2,2,2,2,,,2
NC.BANTOID.AGHEM_WEH,Atlantic-Congo,1,2,,2,2,2,2,,,2
NC.BANTOID.AGHEM_WUM,Atlantic-Congo,1,2,,2,2,2,2,,,2
CSu.MORU_MAADI.AGI,Central_Sudanic,1,,1,2,2,2,2,1,1,2
An.GREATER_CENTRAL_PHILIPPINE.AGTA,Austronesian,2,2,2,2,1,,1,,1,
Alt.TUNGUSIC.AIHUI_MANCHU,Tungusic,1,1,1,,1,,,,2,1
Ain.AINU.AINU_ASAHIKAWA,Ainu,1,1,1,1,1,1,1,2,1,2
Ain.AINU.AINU_BIHORO,Ainu,1,1,1,1,1,1,1,2,1,2
Ain.AINU.AINU_HIRATORI,Ainu,1,1,1,1,1,1,1,2,1,2
Ain.AINU.AINU_HOROBETSU,Ainu,1,1,1,1,1,1,1,2,1,2
Ain.AINU.AINU_KUSHIRO,Ainu,1,1,1,1,1,1,1,2,1,2
Ain.AINU.AINU_MAOKA,Ainu,1,1,1,1,1,1,1,2,1,2
Ain.AINU.AINU_NAIRO,Ainu,1,1,1,1,1,1,1,2,1,2
Ain.AINU.AINU_NAYORO,Ainu,1,1,1,1,1,1,1,2,1,2
Ain.AINU.AINU_NIIKAPPU,Ainu,1,1,1,1,1,1,1,2,1,2
Ain.AINU.AINU_NUKKIBETSU,Ainu,1,1,1,1,1,1,1,2,1,2
Ain.AINU.AINU_OBIHIRO,Ainu,1,1,1,1,1,1,1,2,1,2
Ain.AINU.AINU_OCHIHO,Ainu,1,1,1,1,1,1,1,2,1,2
Ain.AINU.AINU_OSHAMAMBE,Ainu,1,1,1,1,1,1,1,2,1,2
Ain.AINU.AINU_RAICHISHKA,Ainu,1,1,1,1,1,1,1,2,1,2
Ain.AINU.AINU_SAMANI,Ainu,1,1,1,1,1,1,1,2,1,2
Ain.AINU.AINU_SARU,Ainu,1,1,1,1,1,1,1,2,1,2
Ain.AINU.AINU_SHIRAURA,Ainu,1,1,1,1,1,1,1,2,1,2
Ain.AINU.AINU_SOYA,Ainu,1,1,1,1,1,1,1,2,1,2
Ain.AINU.AINU_TARANTOMARI,Ainu,1,1,1,1,1,1,1,2,1,2
Ain.AINU.AINU_YAKUMO,Ainu,1,1,1,1,1,1,1,2,1,2
NC.KWA.AJAGBE,Atlantic-Congo,1,,1,,2,2,2,1,1,2
PN.CENTRAL_PAMA_NYUNGAN.AKARA,Pama-Nyungan,1,1,1,,2,2,2,1,1,1
ST.BURMESE_LOLO.AKHA,Sino-Tibetan,1,1,1,1,2,2,2,2,1,
NDa.NAKH.AKKIN_CHECHEN,Nakh-Daghestanian,1,1,1,1,1,1,1,2,2,2
Sep.SEPIK_HILL.ALAMBLAK,Sepik,1,1,1,1,1,1,1,2,,2
NC.BANTOID.ALINGA,Atlantic-Congo,1,1,,2,2,1,2,1,1,2
OC.ALSEA.ALSEA,Alsea,2,2,2,1,1,1,1,,,
An.CENTRAL_MALAYO_POLYNESIAN.ALUNE,Austronesian,1,2,2,1,2,2,2,,1,2
PN.CENTRAL_PAMA_NYUNGAN.ALYAWARRA,Pama-Nyungan,1,1,1,2,2,2,2,1,,1
PN.CENTRAL_PAMA_NYUNGAN.ALYAWARR_ALYAWARA,Pama-Nyungan,1,1,1,2,2,2,2,1,,1
PN.CENTRAL_PAMA_NYUNGAN.ALYAWARR_MACDONALDDOWNS_ALYAWARA,Pama-Nyungan,1,1,1,2,2,2,2,1,,1
Pan.PANOAN.AMAHUACA,Pano-Tacanan,,1,1,1,2,1,,,1,1
Bor.BORDER.AMANAB,Border,1,1,,1,2,1,,,1,
An.OCEANIC.AMARA,Austronesian,1,2,2,,2,2,2,,,
An.OCEANIC.AMARI,Austronesian,1,2,2,1,2,2,2,1,,1
ESu.NYIMANG.AMA_AFRICA,Nyimang,1,1,1,1,2,2,,,,2
An.SOUTH_HALMAHERA_WEST_NEW_GUINEA.AMBAI,Austronesian,1,2,2,1,2,2,2,1,1,2
TNG.MADANG.AMELE,Nuclear_Trans_New_Guinea,1,1,1,1,2,2,2,1,1,2
Sen.SENAGI.AMGOTRO,Senagi,1,1,1,1,,1,2,,,
AA.SEMITIC.AMHARIC,Afro-Asiatic,1,1,,1,1,1,1,2,,
AA.SEMITIC.AMHARIC_2,Afro-Asiatic,1,1,,1,1,1,1,2,,
AA.SEMITIC.AMHARIC_3,Afro-Asiatic,1,1,,1,1,1,1,2,,
NC.KAINJI.AMO,Atlantic-Congo,,2,,,2,2,2,1,1,
An.SAMA_BAJAW.ANAIWOI_BAJAU,Austronesian,,2,2,2,2,2,,1,,
CSu.MORU_MAADI.ANDRI,Central_Sudanic,1,,1,2,2,2,2,1,1,2
An.OCEANIC.ANEITYUM_2,Austronesian,2,2,2,2,2,2,2,1,1,2
Ane.ANEM.ANEM,Anem,1,2,2,,2,2,2,,,2
AA.WEST_CHADIC.ANGAS,Afro-Asiatic,1,2,2,2,2,2,2,1,1,
TNG.MADANG.ANGAUA,Nuclear_Trans_New_Guinea,1,1,1,,2,2,,,2,
Sen.SENAGI.ANGOR,Senagi,1,1,1,1,2,2,2,1,2,1
An.OCEANIC.ANIWA,Austronesian,1,2,2,2,2,2,,1,1,
ST.NUNGISH.ANONG,Sino-Tibetan,1,1,,1,2,2,2,,,
NC.KWA.ANUFO,Atlantic-Congo,1,2,,1,2,1,2,1,1,2
TNG.KOIARIAN.AOMIE,Koiarian,1,1,1,1,2,1,2,,1,2
MGe.GE_KAINGANG.APANIEKRA,Nuclear-Macro-Je,1,1,1,1,2,2,,,1,2
ST.TANI.APATANI,Sino-Tibetan,1,1,1,1,2,1,2,2,1,1
MGe.GE_KAINGANG.APINAYE,Nuclear-Macro-Je,1,1,1,1,2,2,,,1,
Ijo.IJOID.APOI,Ijoid,1,1,,1,1,1,1,2,2,
Arw.PURUS.APURINA,Arawakan,1,,1,1,2,1,1,1,,2
AA.SEMITIC.ARABIC_GULF_SPOKEN,Afro-Asiatic,1,2,2,2,2,,1,1,,2
AA.SEMITIC.ARABIC_NORTH_LEVANTINE_SPOKEN,Afro-Asiatic,,2,2,2,2,,,1,1,2
AA.SEMITIC.ARABIC_QURANIC,Afro-Asiatic,2,2,2,2,2,1,1,,1,
AA.SEMITIC.ARAMAIC,Afro-Asiatic,,,2,2,2,1,1,1,,
PN.CENTRAL_PAMA_NYUNGAN.ARANDA,Pama-Nyungan,1,1,1,,2,2,2,1,1,1
Tac.TACANAN.ARAONA,Pano-Tacanan,1,1,1,1,2,1,,1,2,
AA.LOWLAND_EAST_CUSHITIC.ARBORE,Afro-Asiatic,1,1,,2,2,,2,1,,
AA.LOWLAND_EAST_CUSHITIC.ARBORE_2,Afro-Asiatic,1,1,,2,2,,2,1,,
NDa.LEZGIC.ARCHI,Nakh-Daghestanian,1,1,1,1,1,1,1,,2,1
NDa.LEZGIC.ARCHI_2,Nakh-Daghestanian,1,1,1,1,1,1,1,,2,1
AA.SOUTH_OMOTIC.ARI,South_Omotic,1,1,1,1,2,2,2,1,2,1
Ijo.IJOID.AROGBO,Ijoid,1,1,,1,1,1,1,2,2,
An.OCEANIC.AROP_LOKEP,Austronesian,1,2,2,,2,2,2,1,,2
An.OCEANIC.AROSI_TAWATANA,Austronesian,1,2,2,2,2,2,1,1,1,
PN.CENTRAL_PAMA_NYUNGAN.ARRARNTA_WESTERN,Pama-Nyungan,,,1,2,2,2,2,1,,1
PN.CENTRAL_PAMA_NYUNGAN.ARRERNTE_CENTRAL,Pama-Nyungan,1,1,1,,2,2,2,1,1,1
PN.CENTRAL_PAMA_NYUNGAN.ARRERNTE_EASTERN,Pama-Nyungan,1,1,1,,2,2,2,1,1,1
PN.CENTRAL_PAMA_NYUNGAN.ARRERNTE_EASTERN_2,Pama-Nyungan,1,1,1,,2,2,2,1,1,1
Arw.PRE_ANDINE_ARAWAKAN.ASHANINKA,Arawakan,,2,,1,2,,,1,1,2
IE.INDIC.ASSAMESE,Indo-European,1,1,,1,1,1,,,2,1
IE.INDIC.ASTOR_SHINA,Indo-European,1,1,1,1,1,1,1,,2,2
Ata.ATAKAPA.ATAKAPA,Atakapa,1,1,1,1,,1,2,,,
An.ATAYALIC.ATAYAL,Austronesian,2,2,2,2,,2,1,,1,
ST.MAHAKIRANTI.ATHPARE,Sino-Tibetan,1,1,,1,1,1,1,2,2,1
Tor.WAPEI_PALEI.AU,Nuclear_Torricelli,1,2,2,,2,2,2,,,2
Tu.TU.AUNI,Tuu,1,2,,1,2,2,2,1,1,
NDa.AVAR_ANDIC_TSEZIC.AVAR,Nakh-Daghestanian,1,1,1,1,1,1,1,,1,
NDa.AVAR_ANDIC_TSEZIC.AVAR_ANDALAL,Nakh-Daghestanian,1,1,1,1,1,1,1,,1,
NDa.AVAR_ANDIC_TSEZIC.AVAR_ANTSUKH,Nakh-Daghestanian,1,1,1,1,1,1,1,,1,
NDa.AVAR_ANDIC_TSEZIC.AVAR_BATLUKH,Nakh-Daghestanian,1,1,1,1,1,1,1,,1,
NDa.AVAR_ANDIC_TSEZIC.AVAR_HID,Nakh-Daghestanian,1,1,1,1,1,1,1,,1,
NDa.AVAR_ANDIC_TSEZIC.AVAR_KARAKH,Nakh-Daghestanian,1,1,1,1,1,1,1,,1,
NDa.AVAR_ANDIC_TSEZIC.AVAR_KUSUR,Nakh-Daghestanian,1,1,1,1,1,1,1,,1,
NDa.AVAR_ANDIC_TSEZIC.AVAR_ZAKATALY,Nakh-Daghestanian,1,1,1,1,1,1,1,,1,
An.OCEANIC.AVASO_BABATANA,Austronesian,1,2,2,2,2,2,1,1,1,
TNG.EASTERN_HIGHLANDS.AWA,Nuclear_Trans_New_Guinea,1,1,,1,1,1,1,2,,2
TNG.EASTERN_HIGHLANDS.AWA_2,Nuclear_Trans_New_Guinea,1,1,,1,1,1,1,2,,2
Bar.BARBACOAN.AWA_PIT,Barbacoan,1,1,1,1,1,1,1,,1,
Sep.RAM.AWTUW,Sepik,1,1,1,1,2,1,2,2,1,1
TNG.AWJU_DUMUT.AWYU_ASUE,Nuclear_Trans_New_Guinea,1,1,1,1,,,2,,1,
An.OCEANIC.AYIWO,Austronesian,1,2,2,2,2,2,,,,
AA.BERBER.AYT_SEGHROUCHEN,Afro-Asiatic,2,2,2,2,2,,1,1,1,2
An.OCEANIC.AZERA,Austronesian,1,2,2,1,2,2,2,1,,1
NC.BANTOID.B42_SANGU_2,Atlantic-Congo,1,2,,2,2,2,2,1,,1
NC.BANTOID.B63_NDUUMO_KUYA,Atlantic-Congo,1,2,2,2,2,2,2,,,
NC.BANTOID.B70_TEKE_OMVULA,Atlantic-Congo,1,2,2,2,2,2,2,,1,
NC.BANTOID.B78_IWUM_WUUMBU_SUD_TEKE,Atlantic-Congo,1,2,2,2,2,2,2,,1,
NC.BANTOID.BABOLE_DZEKE,Atlantic-Congo,1,2,2,,2,,2,1,,1
NC.BANTOID.BABOLE_IMPFONDO,Atlantic-Congo,1,2,2,,2,,2,1,,1
NC.BANTOID.BABUNGO,Atlantic-Congo,1,2,2,,2,2,2,1,1,
PN.WESTERN_PAMA_NYUNGAN.BADIMAYA,Pama-Nyungan,1,1,,1,2,1,,,,2
NC.BANTOID.BAFIA,Atlantic-Congo,,,2,2,2,2,2,1,,
NC.BANTOID.BAFIA_ROPE,Atlantic-Congo,,,2,2,2,2,2,1,,
CSu.BONGO_BAGIRMI.BAGIRMI,Central_Sudanic,1,2,2,2,2,2,2,1,1,2
IE.INDIC.BAGROT_SHINA,Indo-European,1,1,1,1,1,1,1,,2,2
An.SAMA_BAJAW.BAJAU_WEST_COAST,Austronesian,,2,2,2,2,2,1,1,1,2
An.SAMA_BAJAW.BAJOE_BAJAU,Austronesian,,2,2,2,2,2,,1,,
NC.UBANGI.BAKA_2,Atlantic-Congo,1,2,2,2,1,2,2,,,
CSu.BONGO_BAGIRMI.BAKA_SUDAN,Central_Sudanic,1,2,2,2,1,2,2,1,,2
NC.BANTOID.BAKUERI,Atlantic-Congo,1,2,,2,2,1,2,1,,1
IE.ROMANCE.BALEAR_CATALAN,Indo-European,,2,2,2,2,1,1,1,,2
CSu.MORU_MAADI.BALIMBA,Central_Sudanic,1,,1,2,2,2,2,1,1,2
Man.WESTERN_MANDE.BAMBARA,Mande,1,1,1,1,2,,2,,1,
ST.TANI.BANGNI_NYISHI,Sino-Tibetan,1,1,1,1,1,,2,,,1
An.ENGGANO.BANJAR_SARI_ENGGANO,Austronesian,1,2,2,2,2,2,,1,,2
IE.IRANIAN.BANNU_PASHTO,Indo-European,1,1,1,1,1,1,1,1,,1
An.OCEANIC.BANONI,Austronesian,1,2,2,2,2,1,2,,,2
TK.HLAI.BAODING_HLAI,Tai-Kadai,1,2,2,,2,2,1,,,
Man.WESTERN_MANDE.BARALAKAKAN,Mande,1,1,1,1,2,2,2,,1,
NC.UBANGI.BARAMBU,Atlantic-Congo,,2,2,2,1,2,2,1,,1
Tuc.TUCANOAN.BARASANO,Tucanoan,,1,1,1,,1,1,1,2,1
Arw.INLAND_NORTHERN_ARAWAKAN.BARE,Arawakan,,2,1,1,2,1,1,,,
ESu.NILOTIC.BARI_SUDAN,Nilotic,1,2,2,2,2,1,2,1,1,2
Sko.WARAPU.BARUPU,Sko,1,1,,2,2,2,2,1,1,
TNG.ANGAN.BARUYA,Angan,1,1,1,1,2,2,2,,,
TNG.ANGAN.BARUYA_2,Angan,1,1,1,1,2,2,2,,,
NC.BANTOID.BASAA,Atlantic-Congo,1,2,2,2,2,2,2,,,
Ijo.IJOID.BASAN,Ijoid,1,1,,1,1,1,1,2,2,
Alt.TURKIC.BASHKIR,Turkic,1,1,1,1,1,1,1,2,1,1
Bas.BASQUE.BASQUE,Basque,1,1,1,1,2,2,1,2,1,2
NC.GUR.BASSARI,Atlantic-Congo,1,2,,1,2,2,2,1,1,
NC.BANTOID.BATANGA_BALUNDU,Atlantic-Congo,1,2,2,2,2,2,2,,1,1
NDa.NAKH.BATS,Nakh-Daghestanian,1,1,1,1,1,1,1,2,1,2
NC.KWA.BAULE,Atlantic-Congo,1,2,1,,2,2,2,,,
Arw.BOLIVIA_PARANA.BAURE,Arawakan,2,2,,2,2,1,1,1,,2
AA.BEJA.BEJA,Afro-Asiatic,1,1,1,1,,,,1,2,1
AA.BEJA.BEJA_2,Afro-Asiatic,1,1,1,1,,,,1,2,1
An.LAMPUNGIC.BELALAU_LAMPUNG_API,Austronesian,1,2,2,2,2,2,1,1,1,1
IE.SLAVIC.BELARUSIAN,Indo-European,,,,2,1,1,,1,1,2
ST.MAHAKIRANTI.BELHARE,Sino-Tibetan,1,1,,1,1,,1,2,1,1
Sal.BELLA_COOLA.BELLA_COOLA,Salishan,2,2,2,2,1,2,,1,2,
AA.NORTH_OMOTIC.BENCHO,Ta-Ne-Omotic,1,1,1,,,2,,,2,1
AA.BERBER.BENI_SNOUS_WESTERN_ALGERIAN_BERBER,Afro-Asiatic,1,2,2,2,2,2,1,1,1,2
Sah.EASTERN_SAHARAN.BERIA,Saharan,1,1,1,,2,2,2,1,2,1
NC.PLATOID.BEROM_F,Atlantic-Congo,1,2,2,2,2,2,2,1,1,2
NC.PLATOID.BEROM_R,Atlantic-Congo,1,2,2,2,2,2,2,1,1,2
IE.INDIC.BHOIPURI,Indo-European,1,1,1,1,1,1,1,,1,
IE.INDIC.BHOJPURI,Indo-European,1,1,1,1,1,1,1,,1,
An.SOUTH_HALMAHERA_WEST_NEW_GUINEA.BIAK,Austronesian,1,2,2,1,2,2,2,1,,2
An.SOUTH_HALMAHERA_WEST_NEW_GUINEA.BIAK_2,Austronesian,1,2,2,1,2,2,2,1,,2
AA.EAST_CHADIC.BIDIYA,Afro-Asiatic,1,2,2,2,2,2,2,1,,
An.OCEANIC.BILEKI_NAKANAI,Austronesian,1,2,2,2,2,2,,,,
AA.CENTRAL_CUSHITIC.BILIN,Afro-Asiatic,,1,1,1,2,,1,,2,1
AA.CENTRAL_CUSHITIC.BILIN_2,Afro-Asiatic,,1,1,1,2,,1,,2,1
Sio.CORE_SIOUAN.BILOXI,Siouan,1,1,1,1,2,2,2,,1,2
SoP.BILUA.BILUA,Bilua,,2,1,1,1,1,1,,,
NC.GUR.BIMOBA,Atlantic-Congo,1,2,,1,,2,2,1,2,2
TNG.BINANDEREAN.BINANDERE,Nuclear_Trans_New_Guinea,1,1,1,1,2,2,2,,,
PN.NORTHERN_PAMA_NYUNGAN.BIRI,Pama-Nyungan,1,2,,1,1,1,1,1,,2
PN.NORTHERN_PAMA_NYUNGAN.BIRRI_AUSTRALIA,Pama-Nyungan,1,2,,1,1,1,1,1,,2
NC.GBAYA_MANZA_NGBAKA.BIYANDA,Atlantic-Congo,1,2,,2,1,2,2,,,2
Alg.ALGONQUIAN.BLACKFOOT,Algic,,2,,1,1,1,1,,2,1
WP.NORTH_HALMAHERAN.BOBAWA,North_Halmahera,1,2,2,1,2,2,2,1,,2
AuA.MUNDA.BODOBELGHORIA_SANTALI,Austroasiatic,1,1,1,1,1,1,1,,2,
ST.BODO_GARO.BODO_INDIA,Sino-Tibetan,1,1,,1,1,1,2,2,2,
An.SAMA_BAJAW.BOEPINANG_BAJAU,Austronesian,,2,2,2,2,2,,1,,
Man.EASTERN_MANDE.BOKO,Mande,1,1,1,1,2,,2,1,,
NC.BANTOID.BOLIA,Atlantic-Congo,1,2,2,2,,2,,,,1
NC.BANTOID.BOLIA_BANDUNDU,Atlantic-Congo,1,2,2,2,,2,,,,1
NC.BANTOID.BOLIA_NSAO,Atlantic-Congo,1,2,2,2,,2,,,,1
CSu.BONGO_BAGIRMI.BONGO,Central_Sudanic,1,2,2,2,,,,,1,2
TNG.MADANG.BONGU,Nuclear_Trans_New_Guinea,1,1,1,1,2,,,,1,
Bos.BOSAVI.BOSAVI,Bosavi,1,1,1,1,2,,,,,1
NC.BANTOID.BOTONGO_DIBOLE,Atlantic-Congo,1,2,2,,2,,2,1,,1
IE.GERMANIC.BRABANTIC,Indo-European,1,,2,2,1,1,1,1,,2
AuA.BAHNARIC.BRAO,Austroasiatic,1,2,2,2,2,2,2,,1,
IE.CELTIC.BRETON,Indo-European,2,2,2,2,2,2,1,1,1,
Chi.TALAMANCA.BRIBRI,Chibchan,1,1,1,1,2,2,2,,,2
IE.INDIC.BROK_SKAD,Indo-European,1,1,,1,1,1,1,,,
IE.INDIC.BROKSKAT,Indo-European,1,1,,1,1,1,1,,,
An.OCEANIC.BUANG,Austronesian,1,2,2,1,2,2,2,1,,
An.RUKAI.BUDAI_RUKAI,Austronesian,2,2,2,2,,1,1,,,
NC.BANTOID.BUDU,Atlantic-Congo,1,2,2,2,2,2,2,,,
AA.BIU_MANDARA.BUDUMA,Afro-Asiatic,1,2,2,2,2,2,2,1,1,2
NC.KWA.BUEM_LELEMI,Atlantic-Congo,1,2,1,1,2,2,2,,,1
An.SOUTH_SULAWESI.BUGINESE,Austronesian,1,2,,2,,2,,1,1,
An.OCEANIC.BUJAN,Austronesian,1,2,2,2,2,2,2,1,1,2
Tor.KOMBIO_ARAPESH.BUKIYIP,Nuclear_Torricelli,1,2,2,,1,1,1,,1,2
IE.SLAVIC.BULGARIAN,Indo-European,,2,2,,1,1,1,1,1,2
Ijo.IJOID.BUMO,Ijoid,1,1,,1,1,1,1,2,2,
IE.INDIC.BUNJI_SHINA,Indo-European,1,1,1,1,1,1,1,,2,2
Alt.MONGOLIC.BURIAT_MONGOLIA,Mongolic,1,1,1,1,1,1,1,,,1
ST.BURMESE_LOLO.BURMESE,Sino-Tibetan,1,1,1,1,2,1,2,2,2,
AA.SOUTHERN_CUSHITIC.BURUNGE,Afro-Asiatic,1,2,,2,2,,2,1,2,1
Brs.BURUSHASKI.BURUSHASKI,Burushaski,1,1,1,1,1,1,1,2,2,1
An.CENTRAL_MALAYO_POLYNESIAN.BURU_MASARETE,Austronesian,1,2,2,1,2,2,2,1,,
Man.EASTERN_MANDE.BUSA_NIGERIA,Mande,1,1,1,1,2,,2,1,1,
NC.BANTOID.BUSHONG_1,Atlantic-Congo,1,2,2,,2,2,,1,,1
NC.BANTOID.BUSHONG_2,Atlantic-Congo,1,2,2,,2,2,,1,,1
NC.BANTOID.BUSHOONG,Atlantic-Congo,1,2,2,,2,2,,1,,1
An.PAIWAN.BUTANGLU_PAIWAN,Austronesian,2,2,2,2,2,1,2,1,,2
ST.KAREN.BWE_KAREN,Sino-Tibetan,1,2,2,1,2,2,2,1,1,
ST.BODIC.BYANSI,Sino-Tibetan,1,1,1,1,1,1,1,,1,1
NC.BANTOID.C45_LEBEO,Atlantic-Congo,1,2,2,,2,2,2,,,1
NC.BANTOID.C80_MBINGI,Atlantic-Congo,1,2,2,,2,2,,1,,1
NC.BANTOID.C80_SHUWA,Atlantic-Congo,1,2,2,,2,2,,1,,1
NC.BANTOID.C831_ILEBO,Atlantic-Congo,1,2,2,,2,2,,1,,1
UA.CALIFORNIA_UTO_AZTECAN.CAHUILLA,Uto-Aztecan,1,1,1,1,1,,,1,,2
AA.SEMITIC.CAIRO_ARABIC,Afro-Asiatic,1,2,2,2,2,2,,1,1,2
ST.MAHAKIRANTI.CAMLING,Sino-Tibetan,1,1,,1,,1,1,2,,
ST.CHINESE.CANTONESE,Sino-Tibetan,1,2,,1,1,1,1,2,1,2
AuA.NICOBARESE.CAR,Austroasiatic,2,2,2,2,1,1,1,,,2
Pan.PANOAN.CASHIBO,Pano-Tacanan,1,1,1,1,2,1,2,,,1
IE.ROMANCE.CATALAN,Indo-European,,2,2,2,2,1,1,1,,2
IE.ROMANCE.CATALAN_2,Indo-European,,2,2,2,2,1,1,1,,2
Bar.BARBACOAN.CAYAPA,Barbacoan,1,1,,1,1,1,1,,,1
Cay.CAYUVAVA.CAYUBABA,Cayuvava,2,2,2,2,1,1,1,,,1
An.OCEANIC.CEMUHI,Austronesian,2,2,2,2,2,2,2,1,1,
Aym.AYMARAN.CENTRAL_AYMARA,Aymaran,1,1,1,1,1,1,1,,1,2
Aym.AYMARAN.CENTRAL_AYMARA_2,Aymaran,1,1,1,1,1,1,1,,1,2
IE.IRANIAN.CENTRAL_GOJAL_WAKHI,Indo-European,1,1,,1,1,1,1,1,2,2
UA.TARAHUMARAN.CENTRAL_TARAHUMARA,Uto-Aztecan,1,1,1,,1,1,,1,,2
Brs.BURUSHASKI.CENTRAL_YASIN_BURUSHASKI,Burushaski,1,1,1,1,1,1,1,2,2,1
NC.BANTOID.CEWA,Atlantic-Congo,1,2,2,2,2,2,2,1,1,1
Pan.PANOAN.CHACOBO,Pano-Tacanan,,1,1,1,2,,,,1,1
AA.SEMITIC.CHAHA,Afro-Asiatic,1,1,,1,1,2,1,2,1,1
OM.MIXTECAN.CHALCATONGO_MIXTEC,Otomanguean,2,2,2,2,2,2,1,1,,2
IE.INDIC.CHALT_SHINA,Indo-European,1,1,1,1,1,1,1,,2,2
An.CHAMORRO.CHAMORRO,Austronesian,2,2,2,2,1,1,1,1,1,2
An.MALAYO_SUMBAWAN.CHAM_WESTERN,Austronesian,1,2,,,2,,2,1,1,
ST.NORTHERN_NAGA.CHANG,Sino-Tibetan,1,1,1,1,,1,2,,,1
ST.NORTHERN_NAGA.CHANG_2,Sino-Tibetan,1,1,1,1,,1,2,,,1
ST.BODIC.CHANTYAL,Sino-Tibetan,1,1,1,1,1,1,1,2,,1
IE.IRANIAN.CHAPURSAN_WAKHI,Indo-European,1,1,,1,1,1,1,1,2,2
OM.ZAPOTECAN.CHATINO_WESTERN_HIGHLAND,Otomanguean,2,2,2,2,2,2,1,1,1,2
IE.INDIC.CHATORKHAND_KHOWAR,Indo-European,1,1,1,1,1,,,2,,
NDa.NAKH.CHECHEN,Nakh-Daghestanian,1,1,1,1,1,1,1,2,2,2
ST.MAHAKIRANTI.CHEPANG,Sino-Tibetan,1,1,,1,1,1,1,2,,1
Iro.SOUTHERN_IROQUOIAN.CHEROKEE,Iroquoian,,1,1,1,1,1,1,2,1,
HM.HMONG_MIEN.CHIANGRAI_MIEN,Hmong-Mien,1,2,,1,2,1,1,,1,
MZ.MIXE_ZOQUE.CHIAPAS_ZOQUE,Mixe-Zoque,2,2,,1,1,1,,,2,
Chi.CHIBCHA_DUIT.CHIBCHA,Chibchan,1,1,,1,2,1,2,,2,1
Hok.CHIMARIKO.CHIMARIKO,Chimariko,1,1,1,1,2,,2,,2,1
OM.CHINANTECAN.CHINANTEC_COMALTEPEC,Otomanguean,2,2,2,2,2,2,1,1,1,1
OM.CHINANTECAN.CHINANTEC_PALANTLA,Otomanguean,2,2,2,2,2,2,1,1,,1
OM.CHINANTECAN.CHINANTEC_QUIOTEPEC,Otomanguean,2,2,2,2,2,,1,1,1,
NC.BANTOID.CHINGONI,Atlantic-Congo,1,2,2,2,2,2,2,1,,
ST.KUKI_CHIN.CHIN_HAKA,Sino-Tibetan,1,1,1,1,,,2,,1,
ST.KUKI_CHIN.CHIN_SIYIN,Sino-Tibetan,1,1,1,1,,1,2,2,1,
ST.KUKI_CHIN.CHIN_TEDIM,Sino-Tibetan,1,1,1,1,2,1,2,,1,2
UC.URU_CHIPAYA.CHIPAYA,Uru-Chipaya,1,1,,1,1,1,1,2,2,2
UC.URU_CHIPAYA.CHIPAYA_2,Uru-Chipaya,1,1,,1,1,1,1,2,2,2
UC.URU_CHIPAYA.CHIPAYA_3,Uru-Chipaya,1,1,,1,1,1,1,2,2,2
NDe.ATHAPASKAN.CHIPEWYAN,Athabaskan-Eyak-Tlingit,1,1,1,,,1,1,1,1,2
Cht.CHITIMACHA.CHITIMACHA,Chitimacha,1,1,1,1,2,,2,1,1,1
Cht.CHITIMACHA.CHITIMACHA_2,Chitimacha,1,1,1,1,2,,2,1,1,1
Mus.MUSKOGEAN.CHOCTAW,Muskogean,1,1,1,1,,2,2,,1,1
May.MAYAN.CHONTAL_TABASCO,Mayan,2,2,2,2,1,,1,1,,2
ST.BODIC.CHORBAT_BALTI,Sino-Tibetan,1,1,1,,1,1,2,2,2,
AuA.BAHNARIC.CHRAU,Austroasiatic,1,2,2,2,2,2,1,1,1,
AuA.BAHNARIC.CHRAU_2,Austroasiatic,1,2,2,2,2,2,1,1,1,
CK.NORTHERN_CHUKOTKO_KAMCHATKAN.CHUKCHEE,Chukotko-Kamchatkan,1,1,1,1,1,1,1,,,2
Chu.CHUMASH.CHUMASH_BARBARENO,Chumashan,2,2,2,2,,,,,2,1
Alt.TURKIC.CHUVASH,Turkic,1,1,1,1,1,1,1,2,2,1
An.ATAYALIC.CIULI_ATAYAL,Austronesian,2,2,2,2,,2,1,,1,
AA.SEMITIC.CLASSICAL_ARABIC,Afro-Asiatic,2,2,2,2,2,1,1,,1,
Pen.TSIMSHIANIC.COAST_TSIMSHIAN,Tsimshian,2,2,2,2,1,2,1,1,,
Bar.BARBACOAN.COLORADO,Barbacoan,1,1,1,1,1,1,1,2,2,1
UA.NUMIC.COMANCHE,Uto-Aztecan,1,1,1,1,1,1,1,1,1,2
AA.EGYPTIAN_COPTIC.COPTIC,Afro-Asiatic,1,2,2,2,2,,1,1,1,1
IE.CELTIC.CORNISH,Indo-European,1,2,2,2,2,2,1,1,1,2
Sal.CENTRAL_SALISH.COWICHAN,Salishan,2,2,2,2,1,1,1,,,2
Mus.MUSKOGEAN.CREEK,Muskogean,1,1,1,1,2,1,2,,2,1
Sio.CORE_SIOUAN.CROW,Siouan,1,1,,1,2,2,2,,,
Ura.UGRIC.CSANGO,Uralic,1,2,1,1,1,1,1,,1,2
Tuc.TUCANOAN.CUBEO,Tucanoan,2,1,1,1,1,,1,1,2,1
Tuc.TUCANOAN.CUBEO_2,Tucanoan,2,1,1,1,1,,1,1,2,1
UA.CALIFORNIA_UTO_AZTECAN.CUPENO,Uto-Aztecan,1,1,1,1,2,1,1,,,2
IE.SLAVIC.CZECH,Indo-European,1,2,2,,1,1,1,1,,1
An.EAST_FORMOSAN.C_AMIS,Austronesian,2,2,2,2,1,1,1,2,,
NC.BANTOID.D28_HOLOHOLO,Atlantic-Congo,1,2,,,2,,2,1,,1
AA.LOWLAND_EAST_CUSHITIC.DAASANACH,Afro-Asiatic,1,1,,1,2,2,2,,,
AA.LOWLAND_EAST_CUSHITIC.DAASANACH_2,Afro-Asiatic,1,1,,1,2,2,2,,,
AA.NORTH_OMOTIC.DACHE,Ta-Ne-Omotic,1,1,1,1,1,1,1,2,,
Dag.DAGAN.DAGA,Dagan,1,1,1,1,2,2,2,1,,2
NC.GUR.DAGAARE,Atlantic-Congo,1,2,1,1,2,2,2,,,2
NC.GUR.DAGBANI,Atlantic-Congo,1,2,1,1,2,2,2,,,2
AA.SEMITIC.DAMASCUS_ARABIC,Afro-Asiatic,,2,2,2,2,,,1,1,2
IE.GERMANIC.DANISH,Indo-European,1,2,2,1,1,1,1,1,,2
HM.HMONG_MIEN.DAPINGJIANG_MIEN,Hmong-Mien,1,2,,1,2,1,1,,1,
IE.INDIC.DAREL_SHINA,Indo-European,1,1,1,1,1,1,1,,2,2
NDa.LAK_DARGWA.DARGWA,Nakh-Daghestanian,1,1,1,1,1,,1,2,,
ST.BODIC.DARMIYA,Sino-Tibetan,1,1,1,1,1,1,1,,1,1
ST.BAI.DASHI_BAI,Sino-Tibetan,1,2,,1,1,2,2,2,1,
IE.INDIC.DASHKIN_SHINA,Indo-European,1,1,1,1,1,1,1,,2,2
Alt.MONGOLIC.DAUR,Mongolic,1,1,1,1,1,1,1,2,1,
Nad.NADAHUP.DAW,Nadahup,1,1,1,1,2,1,1,,,
NC.ADAMAWA.DAY,Atlantic-Congo,1,2,,2,2,2,2,1,,
An.LAMPUNGIC.DAYA_LAMPUNG_API,Austronesian,1,2,2,2,2,2,1,1,1,1
ST.BURMESE_LOLO.DAZHAI_HANI,Sino-Tibetan,1,1,1,,,2,2,2,,
An.OCEANIC.DEHU,Austronesian,,2,2,2,2,2,1,1,1,
AA.WEST_CHADIC.DERA,Afro-Asiatic,1,2,2,2,,2,2,1,1,
Tuc.TUCANOAN.DESANO,Tucanoan,1,1,1,1,1,1,,1,2,1
Tuc.TUCANOAN.DESANO_2,Tucanoan,1,1,1,1,1,1,,1,2,1
ST.DHIMALIC.DHIMAL,Sino-Tibetan,1,1,1,1,1,1,1,2,,1
ESu.SURMIC.DIDINGA,Surmic,2,2,2,2,2,2,2,1,,
Hok.YUMAN.DIEGUENO,Cochimi-Yuman,1,1,1,1,,2,2,,2,
ST.BODO_GARO.DIMASA,Sino-Tibetan,1,1,1,,2,1,2,2,,1
AA.SOUTH_OMOTIC.DIME,South_Omotic,1,1,1,,2,2,2,,2,1
NC.NORTHERN_ATLANTIC.DIOLA,Atlantic-Congo,1,2,2,2,2,2,2,1,,1
Gum.GUMUZ.DISOHA,Gumuz,1,2,2,2,,2,,1,2,
PN.CENTRAL_PAMA_NYUNGAN.DIYARI,Pama-Nyungan,1,1,,1,2,1,2,,,2
Mng.NDJEBBANA.DJEEBBANA,Maningrida,1,1,1,,2,1,2,,,2
Son.SONGHAY.DJENNE_CHIINI,Songhay,1,,1,1,2,2,2,,,
Mir.DJINGILI.DJINGILI,Mirndi,1,1,1,2,2,,,,1,2
Dog.DOGON.DOGON_JAMSAY,Dogon,1,1,1,1,2,2,2,,1,1
ST.MAHAKIRANTI.DOLAKHA_NEWAR,Sino-Tibetan,1,1,1,1,1,1,2,2,1,1
IE.INDIC.DOMAAKI,Indo-European,1,1,1,,1,,,,1,2
IE.INDIC.DOMARI,Indo-European,2,2,2,1,1,1,1,1,,
NC.UBANGI.DONGO,Atlantic-Congo,1,,,2,2,2,2,,,2
NC.ADAMAWA.DOOHWAAYAAYO,Atlantic-Congo,1,2,,1,2,,2,1,1,
Dra.SOUTH_CENTRAL_DRAVIDIAN.DORLI_GONDI,Dravidian,1,1,,1,1,1,1,2,,1
ST.TANI.DOUYU_BANGNI,Sino-Tibetan,1,1,1,1,1,,2,,,1
ST.NUNGISH.DRUNG,Sino-Tibetan,1,1,1,1,,1,2,,1,1
NC.BANTOID.DUALA,Atlantic-Congo,1,2,,2,2,1,,,,2
NC.KAINJI.DUKA,Atlantic-Congo,1,2,2,2,2,1,2,1,1,2
ST.MAHAKIRANTI.DUMI,Sino-Tibetan,1,1,1,1,1,1,,,,1
ST.MAHAKIRANTI.DUMI_2,Sino-Tibetan,1,1,1,1,1,1,,,,1
Sko.WESTERN_SKOU.DUMO,Sko,1,1,,1,2,2,2,,1,2
TNG.DUNA.DUNA,Duna,1,1,1,1,2,2,2,,1,
An.GREATER_CENTRAL_PHILIPPINE.DUPANINGAN_AGTA,Austronesian,2,2,,2,1,,1,,1,2
Sko.WESTERN_SKOU.DUSUR,Sko,1,1,,1,2,2,2,,1,2
IE.GERMANIC.DUTCH,Indo-European,1,,2,2,1,1,1,1,,2
PN.NORTHERN_PAMA_NYUNGAN.DYIRBAL,Pama-Nyungan,1,1,,1,2,1,2,1,1,2
NC.BANTOID.DZEKE_DIBOLE,Atlantic-Congo,1,2,2,,2,,2,1,,1
IE.ARMENIAN.EASTERN_ARMENIAN,Indo-European,1,1,1,1,1,1,1,1,,
ST.BODIC.EASTERN_BALTI,Sino-Tibetan,1,1,1,,1,1,2,2,2,
AA.LOWLAND_EAST_CUSHITIC.EASTERN_OROMO,Afro-Asiatic,1,1,1,2,2,2,2,1,,
AA.LOWLAND_EAST_CUSHITIC.EASTERN_OROMO_2,Afro-Asiatic,1,1,1,2,2,2,2,1,,
An.OCEANIC.EAST_AMBAE_LOLOMATUI,Austronesian,1,2,2,2,2,2,2,1,,
An.OCEANIC.EAST_AMBAE_LOLSIWOI,Austronesian,1,2,2,2,2,2,2,1,,
An.OCEANIC.EAST_AMBAE_WAILENGI,Austronesian,1,2,2,2,2,2,2,1,,
EA.ESKIMO.EAST_GREENLANDIC,Eskimo-Aleut,1,1,1,1,2,,2,1,2,1
An.SOUTH_HALMAHERA_WEST_NEW_GUINEA.EAST_MAKIAN,Austronesian,1,2,2,1,2,2,2,1,,2
Ijo.IJOID.EAST_OLODIAMA,Ijoid,1,1,,1,1,1,1,2,2,
Ijo.IJOID.EAST_TARAKIRI,Ijoid,1,1,,1,1,1,1,2,2,
NC.IGBOID.ECHIE,Atlantic-Congo,1,2,2,2,2,2,2,1,,
NC.EDOID.EDO,Atlantic-Congo,1,2,2,2,2,2,2,1,,
Bos.BOSAVI.EDOLO,Bosavi,1,1,1,1,2,2,2,,,
NC.EDOID.EDO_2,Atlantic-Congo,1,2,2,2,2,2,2,1,,
NC.BANTOID.EDZAMA_DIBOLE,Atlantic-Congo,1,2,2,,2,,2,1,,1
NC.KWA.EGA,Atlantic-Congo,1,2,,1,2,2,2,,1,2
NC.EDOID.EGENE,Atlantic-Congo,1,2,2,2,2,2,2,1,1,
Yen.YENISEIAN.EIGHTEENTH_CENTURY_KET,Yeniseian,1,1,1,1,1,1,1,,1,
TNG.MEK.EIPOMEK,Nuclear_Trans_New_Guinea,1,1,1,1,1,,2,2,2,2
Jap.JAPANESE.EI_JAPANESE,Japonic,1,1,1,1,1,1,1,2,1,1
Ijo.IJOID.EKPETIAMA,Ijoid,1,1,,1,1,1,1,2,2,
An.CENTRAL_MALAYO_POLYNESIAN.ELPAPUTIH_SAMASURU_PAULOHIJ,Austronesian,1,2,2,1,2,2,2,1,,2
An.CENTRAL_MALAYO_POLYNESIAN.ELPAPUTIH_SERAM_1,Austronesian,1,2,2,1,2,2,2,1,,2
An.CENTRAL_MALAYO_POLYNESIAN.ELPAPUTIH_SERAM_2,Austronesian,1,2,2,1,2,2,2,1,,2
An.CENTRAL_MALAYO_POLYNESIAN.ELPAPUTIH_SERAM_3,Austronesian,1,2,2,1,2,2,2,1,,2
UA.CORACHOL.EL_NAYAR_CORA,Uto-Aztecan,2,2,1,,2,1,1,1,,
Cho.CHOCO.EMBERA_DARIEN,Chocoan,1,1,1,1,2,1,2,1,2,1
Cho.CHOCO.EMBERA_NORTHERN,Chocoan,1,1,1,1,2,1,2,1,2,1
Tup.TUPI_GUARANI.EMERILLON,Tupian,1,1,1,1,2,1,1,1,1,
NC.EDOID.ENGENNI,Atlantic-Congo,1,2,2,2,2,2,2,1,1,
An.ENGGANO.ENGGANO,Austronesian,1,2,2,2,2,2,,1,,2
IE.GERMANIC.ENGLISH,Indo-European,1,2,2,,1,1,1,1,,2
Cho.CHOCO.EPENA_BASURUDO,Chocoan,1,1,1,1,2,1,2,,2,1
Cho.CHOCO.EPENA_SAIJA,Chocoan,1,1,1,1,2,1,2,,2,1
ST.BAI.ERYUAN_BAI,Sino-Tibetan,1,2,,1,1,2,2,2,1,
Tac.TACANAN.ESE_EJJA,Pano-Tacanan,1,1,1,1,2,,,,1,2
Ura.FINNIC.ESTONIAN,Uralic,1,2,1,1,1,1,1,1,1,2
Bos.BOSAVI.ETORO,Bosavi,1,1,1,1,2,2,2,,,
UA.CAHITA.EUDEVE,Uto-Aztecan,1,1,1,1,,1,,1,1,2
Alt.TUNGUSIC.EVEN,Tungusic,1,1,1,,1,,,2,1,
Alt.TUNGUSIC.EVENKI_POLIGUS_LITERARY,Tungusic,1,1,1,1,1,1,1,2,1,
Alt.TUNGUSIC.EWEN,Tungusic,1,1,1,,1,,,2,1,
Alt.TUNGUSIC.EWENKI_1,Tungusic,1,1,1,1,1,1,1,2,1,
Alt.TUNGUSIC.EWENKI_2,Tungusic,1,1,1,1,1,1,1,2,1,
NC.KWA.EWE_ADANGBE,Atlantic-Congo,1,2,1,1,2,2,2,1,1,
NC.BANTOID.EWONDO,Atlantic-Congo,1,2,2,2,2,2,2,1,1,2
NC.BANTOID.EWONDO_2,Atlantic-Congo,1,2,2,2,2,2,2,1,1,2
NC.BANTOID.EWONDO_3,Atlantic-Congo,1,2,2,2,2,2,2,1,1,2
NC.BANTOID.EWONDO_4,Atlantic-Congo,1,2,2,2,2,2,2,1,1,2
Kad.KADUGLI.FAMA,Kadugli-Krongo,2,2,,2,2,2,2,1,2,
An.EAST_FORMOSAN.FARANG_AMIS,Austronesian,2,2,2,2,1,1,1,2,,
TNG.FASU.FASU,Fasu,1,1,1,1,2,2,2,,2,
An.EAST_FORMOSAN.FATAAN_AMIS,Austronesian,2,2,2,2,1,1,1,2,,
AA.BERBER.FIGUIG,Afro-Asiatic,2,2,2,2,2,,1,1,1,2
An.OCEANIC.FIJIAN,Austronesian,2,2,2,2,2,2,1,1,,
An.OCEANIC.FIJIAN_2,Austronesian,2,2,2,2,2,2,1,1,,
An.OCEANIC.FILA,Austronesian,1,2,,,2,2,2,1,,
Man.WESTERN_MANDE.FINANGAKAN,Mande,1,1,1,1,2,2,2,,1,
Ura.FINNIC.FINNISH,Uralic,1,2,1,1,1,1,1,1,1,
Teb.TEBERAN.FOLOPA,Teberan,1,1,1,1,,1,,,2,
NC.KWA.FONGBE,Atlantic-Congo,1,2,,2,2,2,2,1,,
TNG.EASTERN_HIGHLANDS.FORE,Nuclear_Trans_New_Guinea,1,1,1,1,1,1,2,,,
IE.ROMANCE.FRENCH,Indo-European,1,2,2,2,2,1,1,1,1,2
NC.NORTHERN_ATLANTIC.FULFULDE_ADAMAWA,Atlantic-Congo,1,2,2,2,2,2,2,1,1,1
Yat.YATE.FULNIO,Fulnio,,1,1,1,2,,,,2,1
NC.BANTOID.FUMU_1,Atlantic-Congo,1,2,2,2,2,2,2,,1,
NC.BANTOID.FUMU_2,Atlantic-Congo,1,2,2,2,2,2,2,,1,
Fur.FUR.FUR,Furan,1,1,1,1,2,1,2,1,,
CSu.BONGO_BAGIRMI.FURU,Central_Sudanic,1,2,,2,,2,2,1,,2
Ijo.IJOID.FURUPAGHA,Ijoid,1,1,,1,1,1,1,2,2,
An.OCEANIC.FUTUNA,Austronesian,1,2,2,2,2,2,,1,1,
NC.PLATOID.FYEM,Atlantic-Congo,1,2,2,2,2,2,2,1,1,2
NC.BANTOID.G65_KINGA,Atlantic-Congo,1,2,2,2,2,,2,,,1
NC.KWA.GA,Atlantic-Congo,1,2,,1,2,1,,,,1
AA.BIU_MANDARA.GAANDA,Afro-Asiatic,,2,2,2,2,2,,1,,
AA.BIU_MANDARA.GAANDA_GABIN,Afro-Asiatic,,2,2,2,2,2,,1,,
TNG.EASTERN_HIGHLANDS.GADSUP,Nuclear_Trans_New_Guinea,1,1,,1,1,,1,,2,2
TNG.EASTERN_HIGHLANDS.GADSUP_AGARABI,Nuclear_Trans_New_Guinea,1,1,,1,1,,1,,2,
IE.CELTIC.GAELIC_SCOTTISH,Indo-European,2,2,2,2,2,2,1,1,2,2
PN.SOUTHEASTERN_PAMA_NYUNGAN.GAMILARAAY,Pama-Nyungan,1,1,,,1,1,,,1,2
Tan.TANGKIC.GANGGALIDA,Tangkic,1,1,,1,1,1,,1,1,
Tan.TANGKIC.GANGULIDA,Tangkic,1,1,,1,1,1,,1,1,
Brs.BURUSHASKI.GANISH_HUNZA_BURUSHASKI,Burushaski,1,1,1,1,1,1,1,2,2,1
An.OCEANIC.GAPAPAIWA,Austronesian,1,1,1,1,,,2,1,1,2
IE.INDIC.GARAM_CHISHMA_KHOWAR,Indo-European,1,1,1,1,1,,,2,,
Gar.GARRWAN.GARAWA,Garrwan,,2,2,1,2,1,,,1,2
Arw.CARIBBEAN_ARAWAKAN.GARIFUNA,Arawakan,2,2,2,2,2,2,1,1,,2
ST.BODO_GARO.GARO,Sino-Tibetan,1,1,1,1,2,1,2,2,2,1
Tup.MONDE.GAVIAO_DO_RONDONIA,Tupian,1,1,1,1,2,1,,,1,
Ijo.IJOID.GBARAIN,Ijoid,1,1,,1,1,1,1,2,2,
Ijo.IJOID.GBARANMATU,Ijoid,1,1,,1,1,1,1,2,2,
CSu.KRESH.GBAYA,Kresh-Aja,1,2,2,2,1,,1,1,1,2
NC.GBAYA_MANZA_NGBAKA.GBAYA_MBODOMO,Atlantic-Congo,1,2,2,2,1,2,2,1,1,2
NC.GBAYA_MANZA_NGBAKA.GBEYA,Atlantic-Congo,1,2,2,2,1,2,2,1,1,2
ST.BURMESE_LOLO.GELANGHE_AKHA,Sino-Tibetan,1,1,1,1,2,2,2,2,1,
Krt.KARTVELIAN.GEORGIAN,Kartvelian,1,1,1,1,1,1,1,1,,2
AA.SEMITIC.GETO,Afro-Asiatic,1,1,,1,1,2,1,2,1,1
ST.BODIC.GHACHOK,Sino-Tibetan,1,1,1,1,1,1,2,2,1,1
NC.BANTOID.GIKUYU,Atlantic-Congo,1,2,2,2,2,2,,1,,1
NC.BANTOID.GIKUYU_2,Atlantic-Congo,1,2,2,2,2,2,,1,,1
IE.INDIC.GILGIT_SHINA,Indo-European,1,1,1,1,1,1,1,,2,2
Niv.NIVKH.GILYAK,Nivkh,1,1,1,1,1,1,,2,1,1
Niv.NIVKH.GILYAK_AMUR,Nivkh,1,1,1,1,1,1,,2,1,1
Niv.NIVKH.GILYAK_EAST_SAKHALIN,Nivkh,1,1,1,1,1,1,,2,1,1
Niv.NIVKH.GILYAK_NORTH_SAKHALIN,Nivkh,1,1,1,1,1,1,,2,1,1
Niv.NIVKH.GILYAK_SOUTH_SAKHALIN,Nivkh,1,1,1,1,1,1,,2,1,1
Niv.NIVKH.GILYAK_WEST_SAKHALIN,Nivkh,1,1,1,1,1,1,,2,1,1
NDa.AVAR_ANDIC_TSEZIC.GODOBERI,Nakh-Daghestanian,1,1,,1,1,1,1,,,1
AA.WEST_CHADIC.GOEMAI,Afro-Asiatic,1,2,2,2,2,2,2,,1,
IE.INDIC.GOHARABAD_SHINA,Indo-European,1,1,1,1,1,1,1,,2,2
NC.CROSS_RIVER.GOKANA,Atlantic-Congo,1,2,2,2,1,2,1,1,1,2
TNG.CHIMBU.GOLIN,Nuclear_Trans_New_Guinea,1,1,1,1,2,2,2,,2,1
Bun.BUNUBAN.GOONIYANDI,Bunaban,1,1,,,2,1,1,,,2
An.OCEANIC.GRAND_COULI,Austronesian,,2,2,2,1,2,1,1,1,
IE.GREEK.GREEK,Indo-European,,2,2,2,1,1,1,1,1,2
Tup.TUPI_GUARANI.GUAJAJARA,Tupian,2,2,1,1,2,1,1,,,1
Tup.TUPI_GUARANI.GUARANI,Tupian,1,2,1,1,2,1,1,,1,
Gto.GUATO.GUATO,Guato,2,2,2,2,2,1,,,,
Chi.GUAYMIIC.GUAYMI,Chibchan,1,1,1,1,2,2,2,,,
AA.BIU_MANDARA.GUDE,Afro-Asiatic,2,2,2,2,1,,2,1,1,2
IE.INDIC.GUJARATI,Indo-European,1,1,1,,1,1,1,,,2
CSu.BONGO_BAGIRMI.GULA_CAR,Central_Sudanic,1,2,,2,2,2,2,1,1,
IE.INDIC.GULTARI_SHINA,Indo-European,1,1,1,1,1,1,1,,2,2
An.OCEANIC.GUMAWANA,Austronesian,1,1,1,1,2,2,2,,,2
Gum.GUMUZ.GUMUZ,Gumuz,1,2,2,2,,2,,1,2,
Gun.GUNWINYGIC.GUNBALANG_WARLANG,Gunwinyguan,1,2,2,,1,1,1,1,,
IE.INDIC.GUPIS_SHINA,Indo-European,1,1,1,1,1,1,1,,2,2
ST.BODIC.GURUNG,Sino-Tibetan,1,1,1,1,1,1,2,2,1,1
ST.BODIC.GURUNG_WESTERN,Sino-Tibetan,1,1,1,1,1,1,2,2,1,1
PN.NORTHERN_PAMA_NYUNGAN.GUUGU_YIMIDHIR,Pama-Nyungan,1,1,,,2,1,2,,,2
NC.BANTOID.H166_KONGO_MANYANGA,Atlantic-Congo,1,2,2,2,2,2,2,,,
NC.BANTOID.HADIMU,Atlantic-Congo,1,2,2,2,2,2,2,1,1,1
Brs.BURUSHASKI.HAIDERABAD_HUNZA_BURUSHASKI,Burushaski,1,1,1,1,1,1,1,2,2,1
An.OCEANIC.HALIA,Austronesian,1,2,2,2,2,2,1,1,,
An.OCEANIC.HALIA_2,Austronesian,1,2,2,2,2,2,1,1,,
TNG.ANGAN.HAMTAI,Angan,1,1,1,,2,2,2,,1,1
Sep.MIDDLE_SEPIK.HANGA_HUNDI,Ndu,1,1,1,1,1,1,,2,,
OC.COOSAN.HANIS_COOS,Coosan,2,,1,,1,1,1,1,1,2
IE.INDIC.HARAMOSH_SHINA,Indo-European,1,1,1,1,1,1,1,,2,2
IE.INDIC.HARBAN_SHINA,Indo-European,1,1,1,1,1,1,1,,2,2
WP.HATAM.HATAM,Hatam-Mansim,1,2,2,1,2,2,2,1,1,2
AA.WEST_CHADIC.HAUSA,Afro-Asiatic,1,2,2,2,1,,2,1,1,2
AA.WEST_CHADIC.HAUSA_2,Afro-Asiatic,1,2,2,2,1,,2,1,1,2
AA.WEST_CHADIC.HAUSA_3,Afro-Asiatic,1,2,2,2,1,,2,1,1,2
An.OCEANIC.HAWAIIAN,Austronesian,2,2,2,2,2,1,1,1,,2
An.OCEANIC.HAWAIIAN_2,Austronesian,2,2,2,2,2,1,1,1,,2
An.OCEANIC.HAWAIIAN_3,Austronesian,2,2,2,2,2,1,1,1,,2
NC.BANTOID.HAYA,Atlantic-Congo,1,2,2,,2,2,2,1,,1
NC.BANTOID.HAYA_2,Atlantic-Congo,1,2,2,,2,2,2,1,,1
ST.MAHAKIRANTI.HAYU,Sino-Tibetan,1,1,1,1,1,1,,2,,2
AA.BIU_MANDARA.HDI,Afro-Asiatic,2,2,2,2,2,,2,1,1,
AA.SEMITIC.HEBREW,Afro-Asiatic,1,2,2,2,2,2,1,1,1,2
An.ATAYALIC.HECUO_TAROKO,Austronesian,2,2,,2,,2,1,1,,
NC.BANTOID.HEHE,Atlantic-Congo,1,2,2,,2,,2,,,1
Wak.NORTHERN_WAKASHAN.HEILTSUK,Wakashan,2,2,2,2,1,1,,1,,
NC.BANTOID.HEMBA_BWINYANYEMBA,Atlantic-Congo,1,2,2,,2,2,2,,,
NC.BANTOID.HEMBA_MAMBWE,Atlantic-Congo,1,2,2,,2,2,2,,,
ST.BAI.HEQING_BAI,Sino-Tibetan,1,2,,1,1,2,2,2,1,
Sio.CORE_SIOUAN.HIDATSA,Siouan,1,1,1,1,2,2,,1,,1
An.GREATER_CENTRAL_PHILIPPINE.HILIGAYNON,Austronesian,2,2,2,2,,1,1,,1,2
NC.BANTOID.HIMA_RDC,Atlantic-Congo,1,2,2,2,2,2,2,1,,1
IE.INDIC.HINDI,Indo-European,1,1,1,1,1,1,1,,1,2
TNG.DANI.HITIGIMA_DANI,Nuclear_Trans_New_Guinea,1,1,1,1,,2,,1,2,2
Car.CARIBAN.HIXKARYANA,Cariban,2,1,1,1,2,,1,1,,1
ST.KUKI_CHIN.HMAR,Sino-Tibetan,1,1,1,1,2,,2,,1,
AuA.MUNDA.HO,Austroasiatic,,1,1,1,1,,,2,1,
An.OCEANIC.HOAVA,Austronesian,2,2,2,2,2,2,1,1,,
NC.BANTOID.HOLOHOLO,Atlantic-Congo,1,2,,,2,,2,1,,1
Brs.BURUSHASKI.HOPER_NAGAR_BURUSHASKI,Burushaski,1,1,1,1,1,1,1,2,2,1
UA.HOPI.HOPI,Uto-Aztecan,1,1,1,1,1,1,1,,1,
AuA.MUNDA.HO_2,Austroasiatic,,1,1,1,1,,,2,1,
HM.HMONG_MIEN.HUANGLUO_BUNU,Hmong-Mien,1,2,,1,2,2,1,,,
Tac.TACANAN.HUARAYO_ESE_EJJA,Pano-Tacanan,1,1,1,1,2,,,,1,2
May.MAYAN.HUASTEC,Mayan,2,2,2,2,1,1,1,1,,
May.MAYAN.HUASTEC_VERACRUZ,Mayan,2,2,2,2,1,1,1,1,,
Hua.HUAVEAN.HUAVE,Huavean,2,2,2,2,1,1,,1,1,2
Hua.HUAVEAN.HUAVE_2,Huavean,2,2,2,2,1,1,,1,1,2
Hui.HUITOTO.HUITOTO_MIKA,Huitotoan,1,1,1,1,1,,,2,,1
Hui.HUITOTO.HUITOTO_MINICA,Huitotoan,1,1,,,1,1,1,,,1
Hui.HUITOTO.HUITOTO_MINICA_2,Huitotoan,1,1,,,1,1,1,,,1
Hui.HUITOTO.HUITOTO_MURUI,Huitotoan,1,1,1,1,1,,,2,,1
Hui.HUITOTO.HUITOTO_MURUI_2,Huitotoan,1,1,1,1,1,,,2,,1
NC.BANTOID.HUNDE,Atlantic-Congo,1,2,,2,2,2,2,1,1,1
NC.BANTOID.HUNDE_2,Atlantic-Congo,1,2,,2,2,2,2,1,1,1
Ura.UGRIC.HUNGARIAN,Uralic,1,2,1,1,1,1,1,,1,2
IE.INDIC.HUNZA_SHINA,Indo-European,1,1,1,1,1,1,1,,2,2
NDa.AVAR_ANDIC_TSEZIC.HUNZIB,Nakh-Daghestanian,1,1,1,1,1,1,1,2,2,1
NDe.ATHAPASKAN.HUPA,Athabaskan-Eyak-Tlingit,,,1,1,2,1,1,1,,2
NDe.ATHAPASKAN.HUPA_2,Athabaskan-Eyak-Tlingit,,,1,1,2,1,1,1,,2
Brs.BURUSHASKI.HUSSAINABAD_HUNZA_BURUSHASKI,Burushaski,1,1,1,1,1,1,1,2,2,1
An.OCEANIC.IAAI,Austronesian,2,2,2,2,1,2,1,1,1,
LP.LAKES_PLAIN.IAU_2,Lakes_Plain,1,1,1,1,,2,2,1,,
An.MALAYO_SUMBAWAN.IBAN,Austronesian,1,2,2,2,2,2,1,1,1,
NDa.LAK_DARGWA.ICARI_DARGI,Nakh-Daghestanian,1,1,1,1,1,,1,2,,
IE.GERMANIC.ICELANDIC,Indo-European,1,2,2,2,1,1,1,1,,2
An.OCEANIC.IDUNA,Austronesian,1,1,1,1,2,1,2,1,,
Ijo.IJOID.IDUWINI,Ijoid,1,1,,1,1,1,1,2,2,
ST.DIGAROAN.IDU_MISHMI,Sino-Tibetan,1,1,1,,1,1,2,,2,1
An.NORTHERN_LUZON.IFUGAO_BATAD,Austronesian,2,2,2,2,1,1,1,1,1,
NC.IGBOID.IGBO_ONITSHA,Atlantic-Congo,1,2,2,2,2,2,2,1,,
NC.IDOMOID.IGEDE,Atlantic-Congo,1,2,,,2,2,2,,1,2
ESu.KULIAK.IK,Kuliak,2,2,2,,2,,2,1,1,2
Chi.ARHUACIC.IKA,Chibchan,1,1,1,1,2,,,,,1
Ijo.IJOID.IKIBIRI,Ijoid,1,1,,1,1,1,1,2,2,
TNG.MADANG.IKUNDUN,Nuclear_Trans_New_Guinea,1,1,,1,2,2,2,,1,
ESu.KULIAK.IK_2,Kuliak,2,2,2,,2,,2,1,1,2
NC.BANTOID.ILA,Atlantic-Congo,1,2,2,2,2,2,,1,,1
Knm.KUNAMA.ILIT,Kunama,1,1,1,1,2,2,2,1,2,1
Man.EASTERN_MANDE.ILLO_BUSA,Mande,1,1,1,1,2,,2,1,1,
Bor.BORDER.IMONDA,Border,1,1,1,1,2,,2,,1,2
Mar.SOUTH_BIRDS_HEAD.INANWATAN,Inanwatan,1,,1,1,2,,2,,1,1
An.MALAYO_SUMBAWAN.INDONESIAN,Austronesian,1,2,2,2,2,2,1,1,1,
An.MALAYO_SUMBAWAN.INDONESIAN_2,Austronesian,1,2,2,2,2,2,1,1,1,
An.SAMA_BAJAW.INDONESIAN_BAJAU,Austronesian,,2,2,2,2,2,,1,,
An.MALAYO_SUMBAWAN.INDONESIAN_JAKARTA,Austronesian,1,2,2,2,2,2,1,1,1,
ESu.EASTERN_JEBEL.INGASSANA,Eastern_Jebel,1,2,2,2,2,,,1,,2
NDa.NAKH.INGUSH,Nakh-Daghestanian,1,,1,1,1,1,1,2,2,1
Zap.ZAPAROAN.IQUITO,Zaparoan,1,2,1,1,2,1,1,,,2
Ira.IRANXE.IRANTXE,Iranxe,1,1,,1,2,,2,,,1
AA.SOUTHERN_CUSHITIC.IRAQW,Afro-Asiatic,1,1,2,2,2,2,2,1,2,1
AA.SOUTHERN_CUSHITIC.IRAQW_2,Afro-Asiatic,1,1,2,2,2,2,2,1,2,1
AA.SEMITIC.IRAQ_MUSLIM_BAGHDAD_ARABIC,Afro-Asiatic,1,2,2,2,2,,1,1,,1
An.SOUTH_HALMAHERA_WEST_NEW_GUINEA.IRARUTU,Austronesian,1,2,2,1,2,2,2,,,2
IE.CELTIC.IRISH_GAELIC,Indo-European,2,2,2,2,2,2,1,1,1,2
Sko.KRISA.ISAKA,Sko,1,1,,2,2,2,2,1,,2
NC.BANTOID.ISANGU,Atlantic-Congo,1,2,,2,2,2,2,1,,1
IE.IRANIAN.ISHKOMAN_WAKHI,Indo-European,1,1,,1,1,1,1,1,2,2
OM.ZAPOTECAN.ISTHMUS_ZAPOTEC,Otomanguean,2,2,2,2,2,2,1,1,1,2
IE.ROMANCE.ITALIAN,Indo-European,,2,2,2,2,1,1,1,,2
IE.ROMANCE.ITALIAN_GROSSETO_TUSCAN,Indo-European,,2,2,2,2,1,1,1,,2
Iwa.IWAIDJAN.IWAIDJA,Iwaidjan_Proper,1,2,,1,1,1,1,,1,
NC.BANTOID.IWUM_WUUMBU_1,Atlantic-Congo,1,2,2,2,2,2,2,,1,
NC.BANTOID.IWUM_WUUMBU_2,Atlantic-Congo,1,2,2,2,2,2,2,,1,
Ijo.IJOID.IZON,Ijoid,1,1,,1,1,1,1,2,2,
NC.BANTOID.J13_NKORE_HIMA,Atlantic-Congo,1,2,2,2,2,2,2,1,,1
NC.BANTOID.J15_GANDA,Atlantic-Congo,1,,2,2,2,2,2,1,,1
NC.BANTOID.J42_NANDE,Atlantic-Congo,,,2,2,2,2,2,,,1
An.OCEANIC.JABEM,Austronesian,1,2,,1,2,2,2,1,1,2
AuA.MUNDA.JABRI_SANTALI,Austroasiatic,1,1,1,1,1,1,1,,2,
An.LAMPUNGIC.JABUNG_LAMPUNG_API,Austronesian,1,2,2,2,2,2,1,1,1,1
Mar.MARIND_PROPER.JAKAJ,Anim,1,1,1,1,,,2,,1,
IE.INDIC.JALKOT_SHINA,Indo-European,1,1,1,1,1,1,1,,2,2
IE.GERMANIC.JAMTLANDIC,Indo-European,1,2,2,1,1,1,1,1,,2
Jap.JAPANESE.JAPANESE,Japonic,1,1,1,1,1,1,1,2,1,1
Jap.JAPANESE.JAPANESE_2,Japonic,1,1,1,1,1,1,1,2,1,1
Jap.JAPANESE.JAPANESE_KYOTO,Japonic,1,1,1,1,1,1,1,2,1,1
Cah.CAHUAPANAN.JEBERO,Cahuapanan,,,,2,1,1,,1,1,1
MUM.MOREHEAD_AND_UPPER_MARO_RIVERS.JEISCH,Morehead-Wasur,1,1,1,1,,,1,,,2
IE.INDIC.JELIL_CHILAS_SHINA,Indo-European,1,1,1,1,1,1,1,,2,2
ST.BAI.JIANCHUAN_BAI,Sino-Tibetan,1,2,,1,1,2,2,2,1,
ST.BAI.JIANCHUAN_BAI_2,Sino-Tibetan,1,2,,1,1,2,2,2,1,
OM.MIXTECAN.JICALTEPEC_MIXTEC,Otomanguean,2,2,2,,2,2,1,,1,2
ST.BAI.JINDUN_BAI,Sino-Tibetan,1,2,,1,1,2,2,2,1,
ST.JINGHPO.JINGPHO,Sino-Tibetan,1,1,1,1,2,1,2,2,1,
ST.JINGHPO.JINGPHO_2,Sino-Tibetan,1,1,1,1,2,1,2,2,1,
ST.BAI.JINXING_BAI,Sino-Tibetan,1,2,,1,1,2,2,2,1,
Jiv.JIVAROAN.JIVARO_SHUAR,Chicham,1,1,,1,1,,1,,,1
NC.NORTHERN_ATLANTIC.JOLA,Atlantic-Congo,1,2,2,2,2,2,2,1,,1
Kxa.JU_KUNG.JUHOAN,Kxa,1,2,1,1,2,2,2,1,1,
NC.PLATOID.JUKUN_TAKUM,Atlantic-Congo,1,2,2,2,2,2,2,1,1,
Nad.NADAHUP.JUPDA,Nadahup,1,1,1,1,2,1,1,2,,1
NC.BANTOID.K14_LWENA_1,Atlantic-Congo,1,2,2,2,2,2,2,1,1,
NC.BANTOID.K14_LWENA_2,Atlantic-Congo,1,2,2,2,2,2,2,1,1,
NWC.NORTHWEST_CAUCASIAN.KABARDIAN,Abkhaz-Adyge,1,1,1,1,,1,,2,,1
NC.GUR.KABIYE,Atlantic-Congo,1,2,2,1,2,,,,1,1
Ijo.IJOID.KABOU,Ijoid,1,1,,1,1,1,1,2,2,
AA.BERBER.KABYLE,Afro-Asiatic,2,2,2,2,2,,,1,,
AA.BERBER.KABYLE_GREATER_KABYLIA_AT_MANGELLAT,Afro-Asiatic,2,2,2,2,2,,,1,,
ST.BODO_GARO.KACHARI,Sino-Tibetan,1,1,1,,,1,2,,,1
IE.INDIC.KACHURA_SHINA,Indo-European,1,1,1,1,1,1,1,,2,2
An.CELEBIC.KADATUA,Austronesian,2,2,2,2,2,2,1,1,,2
Kad.KADUGLI.KADUGLI_2,Kadugli-Krongo,1,2,,2,2,2,2,1,,
NC.BANTOID.KAGULU,Atlantic-Congo,,2,2,,2,2,2,1,,1
NC.BANTOID.KAGURU,Atlantic-Congo,,2,2,,2,2,2,1,,1
An.OCEANIC.KAIRIRU,Austronesian,1,1,,2,2,2,2,1,,2
NDa.LAK_DARGWA.KAJTAK_DARGI,Nakh-Daghestanian,1,1,1,1,1,,1,2,,
Ele.TATE.KAKI_AE,Kaki_Ae,1,1,,1,2,1,2,,2,2
Kol.KOLOPOM.KALADDARSCH,Kolopom,1,1,1,1,,,2,,1,
TNG.MADANG.KALAM,Nuclear_Trans_New_Guinea,1,1,1,1,2,2,2,,,
An.SAMA_BAJAW.KALEROANG_BAJAU,Austronesian,,2,2,2,2,2,,1,,
An.LAMPUNGIC.KALIANDA_LAMPUNG_API,Austronesian,1,2,2,2,2,2,1,1,1,1
Car.CARIBAN.KALINA,Cariban,1,1,1,1,1,1,1,,2,1
Alt.MONGOLIC.KALMYK,Mongolic,1,1,1,1,1,,,2,2,2
Bos.BOSAVI.KALULI,Bosavi,1,1,1,1,2,,,,,1
Bos.BOSAVI.KALULI_2,Bosavi,1,1,1,1,2,,,,,1
TAP.GREATER_ALOR.KAMANG,Timor-Alor-Pantar,1,1,,1,2,2,2,,,1
TAP.GREATER_ALOR.KAMANG_2,Timor-Alor-Pantar,1,1,,1,2,2,2,,,1
TAP.GREATER_ALOR.KAMANG_KOLOMANE,Timor-Alor-Pantar,1,1,,1,2,2,2,,,1
TAP.GREATER_ALOR.KAMANG_LANGKURU,Timor-Alor-Pantar,1,1,,1,2,2,2,,,1
TAP.GREATER_ALOR.KAMANG_LETLEY,Timor-Alor-Pantar,1,1,,1,2,2,2,,,1
TAP.GREATER_ALOR.KAMANG_PIDO_I,Timor-Alor-Pantar,1,1,,1,2,2,2,,,1
TAP.GREATER_ALOR.KAMANG_PIDO_II,Timor-Alor-Pantar,1,1,,1,2,2,2,,,1
Tor.MARIENBERG.KAMASAU,Nuclear_Torricelli,1,1,1,1,2,2,2,,,2
Tor.MARIENBERG.KAMASAU_2,Nuclear_Torricelli,1,1,1,1,2,2,2,,,2
Tup.TUPI_GUARANI.KAMAYURA,Tupian,1,1,1,1,2,1,1,1,,1
NC.BANTOID.KAMBA_KENYA,Atlantic-Congo,1,2,,2,2,2,,,,1
NC.BANTOID.KAMBA_KENYA_2,Atlantic-Congo,1,2,,2,2,2,,,,1
Tu.TU.KAM_KA_KE,Tuu,1,2,,1,2,1,2,,,2
NC.CROSS_RIVER.KANA,Atlantic-Congo,1,2,2,2,,2,1,1,2,2
Kat.KATUKINAN.KANAMARI,Katukinan,,,1,1,2,1,,1,1,1
Dra.SOUTHERN_DRAVIDIAN.KANNADA,Dravidian,1,1,1,1,1,1,1,,1,1
AA.WEST_CHADIC.KANO,Afro-Asiatic,1,2,2,2,1,,2,1,1,2
Kpx.KAPIXANA.KANOE,Kanoe,1,1,,1,2,1,1,,1,
Sah.WESTERN_SAHARAN.KANURI,Saharan,1,1,1,2,2,2,2,1,2,1
NC.BANTOID.KANYOK,Atlantic-Congo,,,2,2,2,2,2,1,,
An.CENTRAL_LUZON.KAPAMPANGAN,Austronesian,2,2,2,2,,,1,1,,
TNG.ANGAN.KAPAU,Angan,1,1,1,,2,2,2,,1,1
Sep.SEPIK_HILL.KAPRIMAN,Sepik,1,1,1,1,1,1,1,2,,1
CSu.BONGO_BAGIRMI.KARA,Central_Sudanic,1,2,2,2,2,2,2,1,1,2
Alt.TURKIC.KARACHAY_BALKAR,Turkic,1,1,1,1,1,1,1,2,2,
MGe.KARAJA.KARAJA,Nuclear-Macro-Je,1,1,1,1,2,1,,,,
Alt.TURKIC.KARAKALPAK,Turkic,1,1,1,1,1,1,1,2,2,1
IE.IRANIAN.KARAK_PASHTO,Indo-European,1,1,1,1,1,1,1,1,,1
ST.KUKI_CHIN.KARBI,Sino-Tibetan,1,1,1,1,,1,,,2,1
ST.KAREN.KAREN_SGAW,Sino-Tibetan,1,2,2,1,2,2,2,1,1,
ST.BODIC.KARGIL_BALTI,Sino-Tibetan,1,1,1,,1,1,2,2,2,
ESu.NILOTIC.KARIMOJONG,Nilotic,2,2,2,2,2,2,2,1,1,
Kri.KARIRI.KARIRI,Unclassifiable_kzw,2,2,2,2,2,1,1,1,,1
Kar.KAROK.KAROK,Karuk,1,,1,1,2,1,1,,,
An.NORTHWEST_SUMATRA_BARRIER_ISLANDS.KARO_BATAK,Austronesian,,2,2,2,2,2,1,1,1,
Tup.RAMARAMA.KARO_BRAZIL,Tupian,1,1,1,1,2,1,,,1,2
Pan.PANOAN.KASHIBO_ALTO_AGUAYTIA,Pano-Tacanan,1,1,1,1,2,1,2,,,1
Pan.PANOAN.KASHIBO_BAJO_AGUAYTIA,Pano-Tacanan,1,1,1,1,2,1,2,,,1
Pan.PANOAN.KASHIBO_SAN_ALEJANDRO,Pano-Tacanan,1,1,1,1,2,1,2,,,1
Pan.PANOAN.KASHIBO_SUNGAROYACU,Pano-Tacanan,1,1,1,1,2,1,2,,,1
IE.INDIC.KASHMIRI,Indo-European,1,2,1,1,1,1,1,,,1
An.OCEANIC.KATAZI_BABATANA,Austronesian,1,2,2,2,2,2,1,1,1,
Kad.KADUGLI.KATCHA,Kadugli-Krongo,1,2,,2,2,2,2,1,,
Krd.KATLA_TIMA.KATLA,Katla-Tima,1,2,,2,2,2,,1,,
Kxa.JU_KUNG.KAUEN,Kxa,1,2,1,1,2,2,2,1,1,
An.OCEANIC.KAULONG,Austronesian,1,2,2,,2,2,2,1,1,2
Tup.TUPI_GUARANI.KAYABI,Tupian,1,1,1,1,2,,1,,1,1
ST.KAREN.KAYAH_LI_EASTERN,Sino-Tibetan,1,2,,1,2,2,2,1,1,
Tan.TANGKIC.KAYARDILD,Tangkic,1,,,1,1,1,1,1,,1
An.SAMA_BAJAW.KAYUADI_BAJAU,Austronesian,,2,2,2,2,2,,1,,
Alt.TURKIC.KAZAN_TATAR,Turkic,1,1,1,1,1,1,1,2,1,
CSu.MORU_MAADI.KEDIRU,Central_Sudanic,1,,1,2,2,2,2,1,1,2
AA.CENTRAL_CUSHITIC.KEMANT,Afro-Asiatic,1,1,1,1,1,1,,2,2,1
AA.CENTRAL_CUSHITIC.KEMANT_2,Afro-Asiatic,1,1,1,1,1,1,,2,2,1
CSu.BONGO_BAGIRMI.KENGA,Central_Sudanic,1,2,,2,,2,2,1,1,2
Tor.MARIENBERG.KENYARI,Nuclear_Torricelli,1,1,1,1,2,2,2,,,2
AA.EAST_CHADIC.KERA,Afro-Asiatic,1,2,2,2,2,2,2,1,1,2
IE.INDIC.KESU_KHOWAR,Indo-European,1,1,1,1,1,,,2,,
Yen.YENISEIAN.KET,Yeniseian,1,1,1,1,1,1,1,,1,
NC.BANTOID.KETE,Atlantic-Congo,1,2,2,,2,2,2,1,,
Alt.TURKIC.KHALAJ_IRAN,Turkic,1,1,1,1,1,1,1,1,,1
ST.MAHAKIRANTI.KHALING,Sino-Tibetan,1,1,,1,1,1,1,2,1,1
ST.MAHAKIRANTI.KHAM,Sino-Tibetan,1,1,1,1,1,1,1,2,2,1
Ura.UGRIC.KHANTY,Uralic,1,1,1,1,1,1,1,2,,2
ST.BODIC.KHAPALU_BALTI,Sino-Tibetan,1,1,1,,1,1,2,2,2,
AuA.MUNDA.KHARIA,Austroasiatic,1,1,1,,,1,1,,1,2
ST.BODIC.KHARMANG_BALTI,Sino-Tibetan,1,1,1,,1,1,2,2,2,
IE.INDIC.KHARMANG_SHINA,Indo-European,1,1,1,1,1,1,1,,2,2
AuA.KHASIAN.KHASI,Austroasiatic,1,2,2,2,2,1,1,1,1,
AuA.KHASIAN.KHASI_2,Austroasiatic,1,2,2,2,2,1,1,1,1,
IE.INDIC.KHINAR_CHILAS_SHINA,Indo-European,1,1,1,1,1,1,1,,2,2
AuA.KHMER.KHMER,Austroasiatic,1,2,2,2,2,2,2,1,1,
AuA.KHMER.KHMER_2,Austroasiatic,1,2,2,2,2,2,2,1,1,
AuA.PALAUNG_KHMUIC.KHMU,Austroasiatic,1,2,2,2,2,2,2,,1,
AuA.PALAUNG_KHMUIC.KHMU_2,Austroasiatic,1,2,2,2,2,2,2,,1,
KK.KHOE_KWADI.KHOEKHOEGOWAB,Khoe-Kwadi,1,1,1,1,1,1,1,2,1,2
TK.KAM_TAI.KHORAT_THAI,Tai-Kadai,1,2,2,2,2,2,2,1,1,
KK.KHOE_KWADI.KHWE,Khoe-Kwadi,1,1,1,1,1,1,1,,1,
ST.MAHAKIRANTI.KHWOPA_NEWAR,Sino-Tibetan,1,1,1,1,1,1,2,2,1,1
An.OCEANIC.KILIVILA,Austronesian,2,2,2,1,2,2,1,1,,2
Hok.YUMAN.KILIWA,Cochimi-Yuman,1,1,,,2,,,1,2,2
Kol.KOLOPOM.KIMAGHAMA,Kolopom,1,1,1,1,,,2,,1,
NC.BANTOID.KINAMI_DIBOLE,Atlantic-Congo,1,2,2,,2,,2,1,,1
ST.BODIC.KINNAURI,Sino-Tibetan,1,1,1,1,1,1,1,,2,2
NC.BANTOID.KINYAMWEZI,Atlantic-Congo,,2,,2,2,2,2,,,1
NC.BANTOID.KINYARWANDA,Atlantic-Congo,1,2,2,,2,1,2,,,1
KT.KIOWA_TANOAN.KIOWA,Kiowa-Tanoan,1,1,,1,,1,1,,1,
An.OCEANIC.KIRIBATI,Austronesian,2,2,2,2,2,2,1,1,,
NC.BANTOID.KITABWA,Atlantic-Congo,1,2,2,2,2,,2,,,1
Kiw.KIWAIAN.KIWAI_SOUTHERN,Kiwaian,1,1,1,1,1,1,1,,1,
Pen.KLAMATH_MODOC.KLAMATH,Klamath-Modoc,,,1,1,1,1,1,1,1,2
Mus.MUSKOGEAN.KOASATI,Muskogean,1,1,1,1,2,1,2,,,1
TNG.MADANG.KOBON,Nuclear_Trans_New_Guinea,1,1,1,1,2,2,2,,1,1
AuA.BAHNARIC.KOHO_CHIL,Austroasiatic,1,2,2,2,2,2,1,1,1,
AuA.BAHNARIC.KOHO_SRE,Austroasiatic,1,2,2,2,2,2,1,1,1,
TNG.KOIARIAN.KOITA,Koiarian,1,1,,1,2,2,2,,1,1
Tup.TUPI_GUARANI.KOKAMA,Tupian,1,2,1,1,2,1,1,,1,
An.OCEANIC.KOKOTA,Austronesian,2,2,2,2,2,1,1,1,,
PN.NORTHERN_PAMA_NYUNGAN.KOKO_YALANDJI,Pama-Nyungan,1,1,2,,2,,1,,1,
ST.BODO_GARO.KOK_BOROK_2,Sino-Tibetan,1,1,1,1,2,1,2,,2,1
IE.INDIC.KOLAI_SHINA,Indo-European,1,1,1,1,1,1,1,,2,2
Ijo.IJOID.KOLOKUMA,Ijoid,1,1,,1,1,1,1,2,2,
An.SAMA_BAJAW.KOLO_BAWAH_BAJAU,Austronesian,,2,2,2,2,2,,1,,
Yka.YUKAGHIR.KOLYMA_YUKAGIR,Yukaghir,1,1,1,1,1,1,1,2,,1
Tor.KOMBIO_ARAPESH.KOMBIO,Nuclear_Torricelli,1,2,2,2,2,2,2,1,,
Ura.PERMIC.KOMI_ZYRIAN,Uralic,1,2,1,1,1,,1,,,
NC.BANTOID.KONDA_TWELIA,Atlantic-Congo,1,2,2,2,2,2,2,1,,
NC.BANTOID.KONGO_MBOMA,Atlantic-Congo,1,2,2,2,2,2,2,,,
Pan.PANOAN.KONIBO,Pano-Tacanan,1,1,1,1,,1,1,,1,1
NC.GUR.KONNI,Atlantic-Congo,1,2,,1,,2,2,1,,2
NC.BANTOID.KOONGO,Atlantic-Congo,1,2,2,2,2,2,2,,,
KK.KHOE_KWADI.KORANA,Khoe-Kwadi,,1,1,1,1,1,1,,1,
Kor.KOREAN.KOREAN,Koreanic,1,1,1,1,1,1,1,2,2,2
Tuc.TUCANOAN.KOREGUAJE,Tucanoan,2,2,1,1,2,,2,1,2,
Tuc.TUCANOAN.KOREGUAYE,Tucanoan,2,2,1,1,2,,2,1,2,
NC.BANTOID.KOREKORE,Atlantic-Congo,1,2,2,2,2,2,2,1,,1
AuA.MUNDA.KORKU,Austroasiatic,1,1,1,1,1,1,1,2,,
Son.SONGHAY.KOROBORO_SENNI,Songhay,1,1,1,1,2,2,2,1,1,2
Man.WESTERN_MANDE.KOROKAKAN,Mande,1,1,1,1,2,2,2,,1,
NC.GUR.KOROMFE,Atlantic-Congo,1,2,,1,2,2,2,1,1,2
TNG.AWJU_DUMUT.KOROWAI,Nuclear_Trans_New_Guinea,1,1,,1,1,1,,,1,
CK.NORTHERN_CHUKOTKO_KAMCHATKAN.KORYAK,Chukotko-Kamchatkan,1,1,1,1,1,1,,,,
An.LAMPUNGIC.KOTA_AGUNG_LAMPUNG_API,Austronesian,1,2,2,2,2,2,1,1,1,1
Son.SONGHAY.KOYRA_CHIINI,Songhay,1,2,1,1,2,2,2,1,,
NDe.ATHAPASKAN.KOYUKON,Athabaskan-Eyak-Tlingit,1,1,1,1,2,1,,,,
MGe.BOTOCUDO.KRENAK,Nuclear-Macro-Je,1,1,,1,2,2,2,,,
Kad.KADUGLI.KRONGO,Kadugli-Krongo,2,2,,2,2,2,2,1,2,
An.LAMPUNGIC.KRUI_LAMPUNG_API,Austronesian,1,2,2,2,2,2,1,1,1,1
NDa.LEZGIC.KRYZ,Nakh-Daghestanian,1,1,,1,1,1,1,,,
NDa.LAK_DARGWA.KUBACHI_DARGI,Nakh-Daghestanian,1,1,1,1,1,,1,2,,
NDa.LEZGIC.KUBA_LEZGI,Nakh-Daghestanian,1,1,1,1,1,1,1,2,2,1
ESu.NILOTIC.KUKU,Nilotic,1,2,2,2,2,1,2,1,1,2
PN.NORTHERN_PAMA_NYUNGAN.KUKU_UWANH,Pama-Nyungan,1,1,1,2,2,2,2,1,,2
TNG.CHIMBU.KUMAN,Nuclear_Trans_New_Guinea,1,1,1,,2,1,2,,2,1
IE.INDIC.KUMAUNI,Indo-European,1,1,1,1,1,1,1,,1,2
Knm.KUNAMA.KUNAMA,Kunama,1,1,1,1,2,2,2,1,2,1
Ijo.IJOID.KUNBO,Ijoid,1,1,,1,1,1,1,2,2,
NC.BANTOID.KUNDU,Atlantic-Congo,1,2,2,2,2,2,2,,1,1
TNG.GOILALAN.KUNIMAIPA,Goilalan,1,1,,1,2,2,2,,,1
ST.CHINESE.KUNMING_MANDARIN,Sino-Tibetan,1,2,,1,1,1,1,2,1,2
Kuo.KUOT.KUOT,Kuot,2,2,2,2,2,1,1,1,,2
IE.IRANIAN.KURDISH_CENTRAL,Indo-European,1,1,2,2,2,,1,1,,1
Ain.AINU.KURIL_AINU,Ainu,1,1,1,1,1,1,1,2,1,2
Alt.TUNGUSIC.KUR_URMI,Tungusic,1,1,1,1,1,1,1,2,1,
An.OCEANIC.KUSAIE,Austronesian,1,2,2,2,2,2,2,1,1,2
Ktn.KUTENAI.KUTENAI,Kutenai,2,2,,2,,1,1,,1,2
Dra.SOUTH_CENTRAL_DRAVIDIAN.KUVI,Dravidian,1,1,1,1,1,1,1,2,1,1
AA.SEMITIC.KUWAITI_ARABIC,Afro-Asiatic,1,2,2,2,2,,1,1,,2
An.OCEANIC.KWAIO,Austronesian,1,2,2,,2,2,1,,,2
NC.BANTOID.KWANGALI,Atlantic-Congo,1,2,2,2,2,2,2,1,1,2
NC.BANTOID.KWANGALI_2,Atlantic-Congo,1,2,2,2,2,2,2,1,1,2
Kwz.KWAZA.KWAZA,Kwaza,1,1,,1,2,,,1,2,1
ESu.SURMIC.KWEGU,Surmic,1,2,2,2,2,2,2,1,2,
Sep.MIDDLE_SEPIK.KWOMA,Sepik,1,1,1,1,1,1,1,2,1,1
KB.KWOMTARI.KWOMTARI,Kwomtari-Nai,1,1,1,1,,1,2,2,,2
KK.KHOE_KWADI.KXOE,Khoe-Kwadi,1,1,1,1,1,1,1,,1,
TNG.ENGAN.KYAKA_ENGA,Nuclear_Trans_New_Guinea,1,1,1,,2,2,2,,2,
ST.BODIC.KYIRONG,Sino-Tibetan,1,1,1,1,2,1,2,2,,1
NC.BANTOID.L21_KETE_IPILA,Atlantic-Congo,1,2,2,,2,2,2,1,,
NC.BANTOID.L21_KETE_KATAMB,Atlantic-Congo,1,2,2,,2,2,2,1,,
NC.BANTOID.L32_KANYOK_1,Atlantic-Congo,,,2,2,2,2,2,1,,
NC.BANTOID.L32_KANYOK_2,Atlantic-Congo,,,2,2,2,2,2,1,,
Laal.LAAL.LAAL,Laal,1,2,2,2,2,2,,,1,2
An.OCEANIC.LABU,Austronesian,1,2,2,1,2,2,2,1,,2
May.MAYAN.LACANDON,Mayan,,2,2,2,1,1,1,,1,2
ST.BODIC.LADAKHI,Sino-Tibetan,1,1,1,1,2,1,2,,2,1
AA.BIU_MANDARA.LAGWAN,Afro-Asiatic,1,2,2,2,2,,2,,1,2
ST.BURMESE_LOLO.LAHU,Sino-Tibetan,1,1,1,1,,2,2,2,1,
ST.BURMESE_LOLO.LAHU_2,Sino-Tibetan,1,1,1,1,,2,2,2,1,
CSu.MORU_MAADI.LAKAMADI,Central_Sudanic,1,,1,2,2,2,2,1,1,2
An.SAMA_BAJAW.LAKARAMBA_BAJAU,Austronesian,,2,2,2,2,2,,1,,
ST.KUKI_CHIN.LAKHER_MARA,Sino-Tibetan,1,1,1,1,2,,2,,1,
Sio.CORE_SIOUAN.LAKHOTA,Siouan,1,1,1,,2,,2,,1,2
IE.IRANIAN.LAKKI_MARWAT_PASHTO,Indo-European,1,1,1,1,1,1,1,1,,1
An.SAMA_BAJAW.LAKONEA_BAJAU,Austronesian,,2,2,2,2,2,,1,,
Sio.CORE_SIOUAN.LAKOTA,Siouan,1,1,1,,2,,2,,1,2
An.OCEANIC.LALA,Austronesian,1,,,1,2,2,2,1,1,2
ST.BURMESE_LOLO.LALO,Sino-Tibetan,1,1,1,1,2,2,2,,1,
An.CENTRAL_MALAYO_POLYNESIAN.LAMAHOLOT_ILE_MANDIRI,Austronesian,1,2,,,2,2,2,1,,
AA.BIU_MANDARA.LAMANG_HITKALANCHI,Afro-Asiatic,2,2,2,2,2,,2,1,1,2
IE.INDIC.LAMANI,Indo-European,1,1,1,1,1,1,1,2,1,2
An.LAMPUNGIC.LAMPUNG,Austronesian,1,2,2,2,2,2,1,1,1,1
An.SAMA_BAJAW.LANGARA_LAUT_BAJAU,Austronesian,,2,2,2,2,2,,1,,
ESu.NILOTIC.LANGO,Nilotic,1,2,2,2,2,2,2,1,,2
TK.KAM_TAI.LAO,Tai-Kadai,1,2,2,2,2,2,2,1,1,
TK.KAM_TAI.LAOTIEN,Tai-Kadai,1,2,2,2,2,2,2,1,1,
An.SAMA_BAJAW.LAPULU_BAJAU,Austronesian,,2,2,2,2,2,,1,,
DR.LARAGIA.LARRAKIA,Larrakiyan,1,1,1,2,2,,2,,,2
An.SAMA_BAJAW.LAURU_BAJAU,Austronesian,,2,2,2,2,2,,1,,
SoP.LAVUKALEVE.LAVUKALEVE,Lavukaleve,1,1,1,1,2,,2,,1,
OM.CHINANTECAN.LEALAO_CHINANTEC,Otomanguean,2,2,2,2,2,2,1,1,1,2
Sko.WESTERN_SKOU.LEITRE,Sko,1,1,,1,2,2,2,,1,2
AA.EAST_CHADIC.LELE_CHAD,Afro-Asiatic,1,2,2,,2,2,2,1,1,2
An.SAMA_BAJAW.LEMO_BAJAU,Austronesian,,2,2,2,2,2,,1,,
An.OCEANIC.LENAKEL_LENAUKAS,Austronesian,1,2,2,2,2,2,2,1,1,
An.OCEANIC.LENAKEL_LONASILIAN,Austronesian,1,2,2,2,2,2,2,1,1,
CSu.LENDU.LENDU,Central_Sudanic,1,,1,1,1,1,1,,1,2
CSu.LENDU.LENDU_DDRADHA,Central_Sudanic,1,,1,1,1,1,1,,1,2
CSu.LENDU.LENDU_DJADHA,Central_Sudanic,1,,1,1,1,1,1,,1,2
CSu.LENDU.LENDU_NJAWDHA,Central_Sudanic,1,,1,1,1,1,1,,1,2
CSu.LENDU.LENDU_PIDHA,Central_Sudanic,1,,1,1,1,1,1,,1,2
CSu.LENDU.LENDU_TADHA,Central_Sudanic,1,,1,1,1,1,1,,1,2
ST.LEPCHA.LEPCHA,Sino-Tibetan,1,1,1,1,2,1,2,,1,
An.CENTRAL_MALAYO_POLYNESIAN.LETINESE,Austronesian,1,2,2,1,2,2,2,1,,1
An.OCEANIC.LEWO_FILAKARA,Austronesian,1,2,2,2,2,2,2,1,1,
An.OCEANIC.LEWO_MAPREMO,Austronesian,1,2,2,2,2,2,2,1,1,
An.OCEANIC.LEWO_MATE,Austronesian,1,2,2,2,2,2,2,1,1,
An.OCEANIC.LEWO_NIKAURA,Austronesian,1,2,2,2,2,2,2,1,1,
An.OCEANIC.LEWO_NUL,Austronesian,1,2,2,2,2,2,2,1,1,
An.OCEANIC.LEWO_NUVI,Austronesian,1,2,2,2,2,2,2,1,1,
An.OCEANIC.LEWO_VISINA,Austronesian,1,2,2,2,2,2,2,1,1,
NDa.LEZGIC.LEZGI,Nakh-Daghestanian,1,1,1,1,1,1,1,2,2,1
ST.BODIC.LHASA_TIBETAN,Sino-Tibetan,1,1,1,1,2,2,2,2,2,2
Sal.INTERIOR_SALISH.LILLOOET,Salishan,2,2,2,2,1,1,,,,
ST.MAHAKIRANTI.LIMBU,Sino-Tibetan,1,1,,1,1,1,1,2,,
NC.UBANGI.LINDA,Atlantic-Congo,1,2,2,2,1,2,2,1,1,
ST.BURMESE_LOLO.LISU,Sino-Tibetan,1,1,1,1,2,2,2,2,2,
ST.BURMESE_LOLO.LISU_2,Sino-Tibetan,1,1,1,1,2,2,2,2,2,
IE.BALTIC.LITHUANIAN,Indo-European,1,2,2,1,1,1,1,1,1,1
TK.HLAI.LI_BAODING,Tai-Kadai,1,2,2,,2,2,1,,,
TK.HLAI.LI_TONGSHI,Tai-Kadai,1,2,2,,2,2,1,,,
CSu.MORU_MAADI.LOGO,Central_Sudanic,1,,1,1,2,2,2,1,1,2
CSu.MORU_MAADI.LOKAI,Central_Sudanic,1,,1,,2,2,2,1,1,2
Arw.CARIBBEAN_ARAWAKAN.LOKONO,Arawakan,,2,1,1,1,1,1,,,2
An.OCEANIC.LOMAUMBI_BABATANA,Austronesian,1,2,2,2,2,2,1,1,1,
NC.BANTOID.LOMONGO,Atlantic-Congo,1,2,2,2,2,2,2,1,,
An.OCEANIC.LONGGU,Austronesian,2,2,2,2,2,2,1,1,,
ST.BAI.LONGMEN_BAI,Sino-Tibetan,1,2,,1,1,2,2,2,1,
An.OCEANIC.LONIU,Austronesian,1,2,2,2,2,2,2,1,,2
An.OCEANIC.LOU,Austronesian,1,2,2,2,2,2,,,,
ST.BODIC.LOWA,Sino-Tibetan,1,1,,,2,1,2,2,,1
PN.CENTRAL_PAMA_NYUNGAN.LOWER_ARANDA,Pama-Nyungan,,,1,2,2,2,2,1,,1
Pen.CHINOOKAN.LOWER_CHINOOK,Chinookan,2,2,2,,1,1,1,,,2
UA.TEPIMAN.LOWER_PIMA,Uto-Aztecan,1,1,,1,1,1,1,1,,2
MZ.MIXE_ZOQUE.LOWLAND_MIXE,Mixe-Zoque,,,2,1,1,1,1,1,1,2
NC.BANTOID.LUGANDA,Atlantic-Congo,1,,2,2,2,2,2,1,,1
CSu.MORU_MAADI.LUGBARA,Central_Sudanic,1,,1,1,2,2,2,1,1,
UA.CALIFORNIA_UTO_AZTECAN.LUISENO,Uto-Aztecan,1,,1,1,2,1,1,1,1,2
An.OCEANIC.LUKEP,Austronesian,1,2,2,,2,2,2,1,,2
NC.BANTOID.LUMBWE,Atlantic-Congo,1,2,,,2,,2,1,,1
NC.BANTOID.LUNDA,Atlantic-Congo,1,2,2,2,2,,2,1,,
NC.BANTOID.LUNDA_1,Atlantic-Congo,1,2,2,2,2,,2,1,,
NC.BANTOID.LUNDA_2,Atlantic-Congo,1,2,2,2,2,,2,1,,
ESu.NILOTIC.LUO,Nilotic,1,2,2,2,2,2,2,1,,2
ST.KUKI_CHIN.LUSHAI,Sino-Tibetan,1,1,1,1,2,,2,,1,2
An.OCEANIC.LUSI,Austronesian,1,2,2,1,2,2,2,,,2
NC.BANTOID.LUVALE,Atlantic-Congo,1,2,2,2,2,2,2,1,1,
An.SAMA_BAJAW.LUWUK_BAJAU,Austronesian,,2,2,2,2,2,,1,,
NC.BANTOID.M64_TONGA_1,Atlantic-Congo,1,2,,2,2,2,2,1,1,1
NC.BANTOID.M64_TONGA_2,Atlantic-Congo,1,2,,2,2,2,2,1,1,1
CSu.MORU_MAADI.MAADI,Central_Sudanic,1,,1,,2,2,2,1,1,2
ESu.NILOTIC.MAASAI,Nilotic,2,2,2,2,2,1,2,1,1,2
Mab.MABAN.MABA_CHAD,Maban,1,1,1,,2,2,2,1,2,1
IE.SLAVIC.MACEDONIAN,Indo-European,1,2,2,,1,1,,,1,2
Car.CARIBAN.MACUSHI,Cariban,,1,1,1,2,1,1,,,2
AA.BIU_MANDARA.MADA_CAMEROON,Afro-Asiatic,1,2,,2,2,2,2,,,2
An.OCEANIC.MAE,Austronesian,1,2,2,2,2,2,2,,1,
An.OCEANIC.MAE_ORAP,Austronesian,1,2,2,2,2,2,2,,1,
ST.MAHAKIRANTI.MAGAR,Sino-Tibetan,1,1,1,1,,,1,,,1
ST.MAHAKIRANTI.MAGAR_2,Sino-Tibetan,1,1,1,1,,,1,,,1
An.RUKAI.MAGA_RUKAI,Austronesian,2,2,2,2,,1,1,,,
An.SOUTH_HALMAHERA_WEST_NEW_GUINEA.MAILOA,Austronesian,1,2,2,1,2,2,2,1,,2
TNG.MAILUAN.MAILU,Mailuan,1,1,1,,,1,2,,,2
TNG.MAILUAN.MAILU_2,Mailuan,1,1,1,,,1,2,,,2
An.OCEANIC.MAISIN,Austronesian,1,1,1,1,2,2,,,1,
IE.INDIC.MAITHILI,Indo-European,1,1,1,,1,1,1,,,
WP.NORTH_CENTRAL_BIRDS_HEAD.MAI_BRAT,Maybrat,1,2,2,,2,2,2,1,1,2
TAP.MAKASAE_FATALUKU_OIRATA.MAKASAE,Timor-Alor-Pantar,1,1,1,,2,2,,1,1,
Bul.BULAKA_RIVER.MAKLEW_2,Bulaka_River,1,1,1,1,,,2,,,2
Car.CARIBAN.MAKUSHI,Cariban,,1,1,1,2,1,1,,,2
NC.BANTOID.MAKWA_ALUA,Atlantic-Congo,1,2,2,2,2,,2,,,1
NC.BANTOID.MAKWA_ILE,Atlantic-Congo,1,2,2,2,2,,2,,,1
NC.BANTOID.MAKWA_MALEMA,Atlantic-Congo,1,2,2,2,2,,2,,,1
NC.BANTOID.MAKWA_NAMPULA,Atlantic-Congo,1,2,2,2,2,,2,,,1
An.BARITO.MALAGASY_AMBOSITRA,Austronesian,2,2,2,2,2,,2,1,1,2
An.BARITO.MALAGASY_FIANARANTSOA,Austronesian,2,2,2,2,2,,2,1,1,2
An.BARITO.MALAGASY_MERINA,Austronesian,2,2,2,2,2,,2,1,1,2
An.BARITO.MALAGASY_PLATEAU_BETSILEO_FIANARANTSOA,Austronesian,2,2,2,2,2,,2,1,1,2
An.BARITO.MALAGASY_PLATEAU_MERINA_ANTANANARIVO,Austronesian,2,2,2,2,2,,2,1,1,2
An.BARITO.MALAGASY_PLATEAU_SIHANAKA_AMBATONDRAZAKA,Austronesian,2,2,2,2,2,,2,1,1,2
An.BARITO.MALAGASY_SIHANAKA,Austronesian,2,2,2,2,2,,2,1,1,2
An.BARITO.MALAGASY_TAIMORO,Austronesian,2,2,2,2,2,,2,1,1,2
An.ENGGANO.MALAKONI_ENGGANO,Austronesian,1,2,2,2,2,2,,1,,2
WP.NORTH_HALMAHERAN.MALAPA,North_Halmahera,1,2,2,1,2,2,2,1,,2
Dra.SOUTHERN_DRAVIDIAN.MALAYALAM,Dravidian,1,1,,1,1,1,1,2,1,1
IE.INDIC.MALDIVIAN,Indo-European,,,,1,1,1,1,2,1,1
An.OCEANIC.MALEU,Austronesian,1,2,2,,2,2,2,1,,2
An.OCEANIC.MALEU_2,Austronesian,1,2,2,,2,2,2,1,,2
Man.WESTERN_MANDE.MALINKE,Mande,1,1,1,1,2,2,2,1,1,
An.GREATER_CENTRAL_PHILIPPINE.MAMANWA,Austronesian,2,2,2,2,,1,1,1,1,2
TNG.BINANDEREAN.MAMBARE_RIVER,Nuclear_Trans_New_Guinea,1,1,1,1,2,2,2,,,
CSu.MANGBUTU_EFE.MAMVU,Central_Sudanic,1,2,,,2,2,2,,1,1
May.MAYAN.MAM_CABRICAN,Mayan,2,2,2,2,,1,1,1,1,2
May.MAYAN.MAM_CAJOLA,Mayan,2,2,2,2,,1,1,1,1,2
May.MAYAN.MAM_CONSEPCION_CHIQUIRICHAPA,Mayan,2,2,2,2,,1,1,1,1,2
May.MAYAN.MAM_NORTHERN,Mayan,2,2,2,2,,1,1,1,1,2
May.MAYAN.MAM_SANTA_BARBARA,Mayan,2,2,2,2,,1,1,1,1,2
May.MAYAN.MAM_SANTIAGO_CHIMALTENANGO,Mayan,2,2,2,2,,1,1,1,1,2
May.MAYAN.MAM_SAN_GASPAR_IXCHIL,Mayan,2,2,2,2,,1,1,1,1,2
May.MAYAN.MAM_SAN_ILDEFONSO_IXTAHUACAN,Mayan,2,2,2,2,,1,1,1,1,2
May.MAYAN.MAM_SAN_JUAN_ATITLAN,Mayan,2,2,2,2,,1,1,1,1,2
May.MAYAN.MAM_SAN_JUAN_OSTUNCALCO,Mayan,2,2,2,2,,1,1,1,1,2
May.MAYAN.MAM_SAN_MARTIN_SACATEPEQUEZ,Mayan,2,2,2,2,,1,1,1,1,2
May.MAYAN.MAM_SAN_MIGUEL_SIGUILA,Mayan,2,2,2,2,,1,1,1,1,2
May.MAYAN.MAM_SAN_PEDRO_NECTA,Mayan,2,2,2,2,,1,1,1,1,2
May.MAYAN.MAM_SAN_RAFAEL_PETZAL,Mayan,2,2,2,2,,1,1,1,1,2
May.MAYAN.MAM_SAN_SEBASTIAN_H,Mayan,2,2,2,2,,1,1,1,1,2
May.MAYAN.MAM_TACANA_1,Mayan,2,2,2,2,,1,1,1,1,2
May.MAYAN.MAM_TACANA_2,Mayan,2,2,2,2,,1,1,1,1,2
May.MAYAN.MAM_TACANA_3,Mayan,2,2,2,2,,1,1,1,1,2
May.MAYAN.MAM_TODOS_SANTOS_CUCHUMATAN_1,Mayan,2,2,2,2,,1,1,1,1,2
May.MAYAN.MAM_TODOS_SANTOS_CUCHUMATAN_2,Mayan,2,2,2,2,,1,1,1,1,2
May.MAYAN.MAM_TODOS_SANTOS_CUCHUMATAN_3,Mayan,2,2,2,2,,1,1,1,1,2
An.MALAYO_SUMBAWAN.MANADONESE,Austronesian,1,2,2,,2,1,1,1,1,
An.OCEANIC.MANAM,Austronesian,1,1,1,2,2,2,2,1,,2
Alt.TUNGUSIC.MANCHU,Tungusic,1,1,1,,1,,,,2,1
Alt.TUNGUSIC.MANCHU_2,Tungusic,1,1,1,,1,,,,2,1
Alt.TUNGUSIC.MANCHU_3,Tungusic,1,1,1,,1,,,,2,1
Sio.CORE_SIOUAN.MANDAN,Siouan,1,1,1,1,2,,2,,2,
ST.CHINESE.MANDARIN,Sino-Tibetan,1,2,,1,1,1,1,2,1,2
ST.CHINESE.MANDARIN_2,Sino-Tibetan,1,2,,1,1,1,1,2,1,2
Man.WESTERN_MANDE.MANDINKA,Mande,1,1,1,1,2,1,2,,,
An.OCEANIC.MANGAP,Austronesian,1,2,2,,2,2,,1,1,
MM.MANGARRAYI.MANGARAYI,Mangarrayi-Maran,1,1,2,,2,1,,1,1,2
An.CENTRAL_MALAYO_POLYNESIAN.MANGGARAI,Austronesian,1,2,2,2,2,2,1,1,,
Man.EASTERN_MANDE.MANN,Mande,1,1,1,1,2,,2,,,
An.GREATER_CENTRAL_PHILIPPINE.MANOBO_WESTERN_BUKIDNON,Austronesian,2,2,2,2,1,1,,,1,
Ura.UGRIC.MANSI,Uralic,1,1,1,1,1,1,1,2,,2
An.RUKAI.MANTAURAN,Austronesian,2,2,2,2,,1,1,,,
An.RUKAI.MANTAURAN_RUKAI,Austronesian,2,2,2,2,,1,1,,,
An.OCEANIC.MAORI,Austronesian,2,2,2,2,2,,2,1,,
Sep.MIDDLE_SEPIK.MAPRIK,Ndu,1,1,1,1,1,1,2,2,1,2
Arc.ARAUCANIAN.MAPUDUNGUN,Araucanian,2,2,,1,1,1,1,,1,1
Arc.ARAUCANIAN.MAPUDUNGUN_2,Araucanian,2,2,,1,1,1,1,,1,1
Arc.ARAUCANIAN.MAPUDUNGUN_3,Araucanian,2,2,,1,1,1,1,,1,1
Car.CARIBAN.MAQUIRITARI,Cariban,1,1,1,1,2,1,1,1,,1
ST.BODIC.MAQU_TIBETAN,Sino-Tibetan,1,1,1,1,,,2,,,1
WD.WAGAYDY.MARANUNGGU,Western_Daly,1,1,1,1,2,2,2,,,2
IE.INDIC.MARATHI,Indo-European,1,1,1,1,1,1,1,2,1,
IE.INDIC.MARATHI_2,Indo-European,1,1,1,1,1,1,1,2,1,
AA.BIU_MANDARA.MARGI,Afro-Asiatic,1,2,2,2,2,2,2,1,1,2
MZ.MIXE_ZOQUE.MARIA_CHIMALAPA,Mixe-Zoque,1,2,1,1,1,1,1,1,,2
Hok.YUMAN.MARICOPA,Cochimi-Yuman,1,1,1,1,2,2,2,,2,
An.GREATER_CENTRAL_PHILIPPINE.MARINDUQUE_TAGALOG,Austronesian,2,2,,2,,,1,1,1,2
WD.BRINGEN.MARITHIEL,Western_Daly,1,1,1,,2,,2,,,2
ST.BODIC.MARPHATAN_THAKALI,Sino-Tibetan,1,1,,1,1,1,2,,,
PN.WESTERN_PAMA_NYUNGAN.MARTUTHUNIRA,Pama-Nyungan,1,2,,,2,1,1,,,2
ST.BURMESE_LOLO.MARU,Sino-Tibetan,1,1,1,1,2,1,2,2,1,
Mab.MABAN.MASALIT,Maban,1,1,,2,2,,2,1,2,1
AA.MASA.MASANA,Afro-Asiatic,1,2,2,2,2,,2,1,1,2
AA.MASA.MASANA_POGO,Afro-Asiatic,1,2,2,2,2,,2,1,1,2
Tu.TU.MASARWA_KAKIA,Tuu,1,2,,1,2,2,2,1,1,
Mat.MATACOAN.MATACO,Matacoan,1,2,2,1,2,2,1,1,1,2
Pan.PANOAN.MATIS,Pano-Tacanan,1,1,,1,2,,2,,2,1
Man.WESTERN_MANDE.MAUKAKAN,Mande,1,1,1,1,2,2,2,,1,
An.OCEANIC.MAUTUTU,Austronesian,1,2,2,2,2,2,,,,
Iwa.IWAIDJAN.MAWNG,Iwaidjan_Proper,1,2,2,1,1,1,1,1,1,2
NC.UBANGI.MAYOGO,Atlantic-Congo,1,2,2,2,1,2,2,1,,2
An.ATAYALIC.MAYRINAX_ATAYAL,Austronesian,2,2,2,2,,2,1,,1,
NC.UBANGI.MBA,Atlantic-Congo,1,2,,1,2,,2,,,2
AA.BIU_MANDARA.MBARA,Afro-Asiatic,1,2,,2,2,2,2,1,1,
CSu.BONGO_BAGIRMI.MBAY,Central_Sudanic,1,2,,2,2,2,2,1,1,2
NC.BANTOID.MBEDE,Atlantic-Congo,1,2,2,,2,2,2,,,
NC.BANTOID.MBEDE_2,Atlantic-Congo,1,2,2,,2,2,2,,,
NC.BANTOID.MBOSHI,Atlantic-Congo,1,2,,2,2,2,2,,,2
NC.BANTOID.MBOSHI_BUNJI,Atlantic-Congo,1,2,,2,2,2,2,,,2
NC.BANTOID.MBOSHI_NGOLO,Atlantic-Congo,1,2,,2,2,2,2,,,2
NC.BANTOID.MBOSHI_OLEE,Atlantic-Congo,1,2,,2,2,2,2,,,2
An.OCEANIC.MBULA_PAPUA_NEW_GUINEA,Austronesian,1,2,2,,2,2,,1,1,
NC.ADAMAWA.MBUM,Atlantic-Congo,1,2,2,2,2,2,2,1,1,
ESu.SURMIC.MEEN,Surmic,1,2,,2,2,,2,1,1,1
AA.SEMITIC.MEHRI,Afro-Asiatic,,2,2,2,2,,,1,,2
AA.SEMITIC.MEHRI_2,Afro-Asiatic,,2,2,2,2,,,1,,2
Ijo.IJOID.MEIN,Ijoid,1,1,,1,1,1,1,2,2,
ST.KUKI_CHIN.MEITEI,Sino-Tibetan,1,1,1,1,,2,2,2,1,1
Tup.TUPARI.MEKENS,Tupian,1,1,1,1,2,1,,,1,
An.OCEANIC.MEKEO,Austronesian,1,1,1,1,2,,,,1,1
An.OCEANIC.MELE,Austronesian,1,2,,,2,2,2,1,,
Man.WESTERN_MANDE.MENDE,Mande,1,1,1,1,2,2,2,,,2
TNG.ANGAN.MENYA,Angan,1,1,1,1,2,2,2,,1,
TNG.ANGAN.MENYA_2,Angan,1,1,1,1,2,2,2,,1,
OM.SUBTIABA_TLAPANEC.MEPHAA_ACATEPEC,Otomanguean,2,2,2,2,2,2,1,1,1,1
WF.WESTERN_FLY.MERIAM,Eastern_Trans-Fly,1,1,,1,1,,1,,,2
ESu.SURMIC.MESENGO,Surmic,2,2,1,2,1,2,2,1,1,
ST.MAHAKIRANTI.MEWA_KHOLA_LIMBU,Sino-Tibetan,1,1,,1,1,1,1,2,,
EBH.EAST_BIRDS_HEAD.MEYAH,East_Bird_s_Head,1,2,2,1,2,2,2,1,1,2
TNG.OK.MIAN,Nuclear_Trans_New_Guinea,1,1,1,1,2,2,2,,1,1
MZ.MIXE_ZOQUE.MIGUEL_CHIMALAPA,Mixe-Zoque,1,2,1,1,1,1,1,1,,2
NDa.LEZGIC.MIKRAKH_LEZGI,Nakh-Daghestanian,1,1,1,1,1,1,1,2,2,1
An.MALAYO_SUMBAWAN.MINANGKABAU,Austronesian,,,2,2,2,2,1,1,,
An.OCEANIC.MINAVEHA,Austronesian,1,1,1,1,2,,2,,,
IE.IRANIAN.MIRAN_SHAH_PASHTO,Indo-European,1,1,1,1,1,1,1,1,,1
Kad.KADUGLI.MIRI,Kadugli-Krongo,1,2,,2,2,2,2,1,,
Alt.TURKIC.MISHER_TATAR,Turkic,1,1,1,1,1,1,1,2,1,
ST.TANI.MISING,Sino-Tibetan,1,1,1,1,1,1,2,2,2,1
Mis.MISUMALPAN.MISKITO,Misumalpan,1,1,1,1,2,1,1,,,1
OM.MIXTECAN.MIXTECO_DE_YOSONDUA,Otomanguean,2,2,2,2,2,2,1,1,1,
OM.MIXTECAN.MIXTEC_PENYOLES,Otomanguean,2,2,2,2,2,,1,1,1,2
AA.WEST_CHADIC.MIYA,Afro-Asiatic,,2,2,2,2,1,2,1,1,
CSu.MORU_MAADI.MIZA,Central_Sudanic,1,,1,2,2,2,2,1,1,2
AuA.PALAUNG_KHMUIC.MLABRI,Austroasiatic,1,2,2,1,2,2,,,,
Gcu.SOUTH_GUAICURUAN.MOCOVI,Guaicuruan,2,2,,,,1,1,1,,1
CSu.BONGO_BAGIRMI.MODO,Central_Sudanic,1,2,2,2,2,2,,1,,2
AA.BIU_MANDARA.MOFU_GUDUR,Afro-Asiatic,1,2,2,2,2,2,2,1,,
An.OCEANIC.MOKILESE,Austronesian,,2,2,,2,2,2,1,1,2
NDa.AVAR_ANDIC_TSEZIC.MOKOK_TSEZ,Nakh-Daghestanian,1,1,1,1,1,1,1,,2,
AuA.MONIC.MON,Austroasiatic,1,2,2,2,2,2,2,,1,
NC.BANTOID.MONGO,Atlantic-Congo,1,2,2,2,2,2,2,1,,
Alt.MONGOLIC.MONGOLIAN,Mongolic,1,1,1,1,1,1,1,2,1,1
Sen.SENAGI.MONGOWAR,Senagi,1,1,1,1,,1,2,,,
NC.BANTOID.MONGO_LOSAKANI_NTOMBA,Atlantic-Congo,1,2,2,2,2,2,2,1,,
NC.BANTOID.MONGO_OPALA,Atlantic-Congo,1,2,2,2,2,2,2,1,,
Alt.MONGOLIC.MONGUOR,Mongolic,1,1,1,1,1,1,1,2,2,2
TNG.WISSEL_LAKES_KEMANDOGA.MONI_2,Nuclear_Trans_New_Guinea,1,1,,1,,,2,,2,2
AuA.MONIC.MON_2,Austroasiatic,1,2,2,2,2,2,2,,1,
AuA.MONIC.MON_NONG_DUU,Austroasiatic,1,2,2,2,2,2,2,,1,
NC.GUR.MOORE,Atlantic-Congo,1,2,,1,2,,2,,1,
An.OCEANIC.MOORIORI,Austronesian,2,2,2,2,2,,2,1,,
An.SOUTH_HALMAHERA_WEST_NEW_GUINEA.MOR,Austronesian,1,2,2,1,2,2,2,,1,
An.SAMA_BAJAW.MORAMO_BAJAU,Austronesian,,2,2,2,2,2,,1,,
Krd.HEIBAN.MORO,Heibanic,1,2,,2,2,2,2,1,,
AA.SEMITIC.MOROCCAN_ARABIC,Afro-Asiatic,2,2,2,2,2,1,1,1,1,
AA.SEMITIC.MOROCCAN_ARABIC_2,Afro-Asiatic,2,2,2,2,2,1,1,1,1,
Mra.MORAORI.MORORI,Moraori,1,1,1,1,,,2,,1,2
Mos.MOSETENAN.MOSETEN,Moseten-Chimane,1,2,,1,,,,1,1,2
An.OCEANIC.MOTLAV,Austronesian,1,2,,,2,2,2,1,,
An.OCEANIC.MOTU,Austronesian,1,1,1,1,2,,,,1,2
EB.EAST_BOUGAINVILLE.MOTUNA,South_Bougainville,1,1,,1,2,1,2,1,,1
NC.BANTOID.MOUNDA_DIBOLE,Atlantic-Congo,1,2,2,,2,,2,1,,1
TNG.KOIARIAN.MOUNTAIN_KOIARI,Koiarian,1,1,1,1,2,2,2,,1,1
TNG.KOIARIAN.MOUNTAIN_KOIARI_2,Koiarian,1,1,1,1,2,2,2,,1,1
NC.BANTOID.MPONDO,Atlantic-Congo,1,2,2,2,2,,2,1,1,1
NC.BANTOID.MPONDOMISE,Atlantic-Congo,1,2,2,2,2,,2,1,1,1
WP.KEBAR.MPUR,Mpur,1,2,2,,2,2,2,1,1,2
Tor.KOMBIO_ARAPESH.MUFIAN,Nuclear_Torricelli,1,2,,2,2,2,2,1,1,
NDa.LAK_DARGWA.MUIRI_DARGI,Nakh-Daghestanian,1,1,1,1,1,,1,2,,
ND.NORTHERN_DALY.MULLUKMULLUK,Northern_Daly,1,1,,,2,2,2,,,2
An.CELEBIC.MUNA,Austronesian,2,2,2,2,2,2,1,1,,2
NC.ADAMAWA.MUNDANG,Atlantic-Congo,1,2,2,2,2,2,2,1,,
AuA.MUNDA.MUNDARI,Austroasiatic,1,1,1,1,1,1,1,2,1,
AuA.MUNDA.MUNDARI_2,Austroasiatic,1,1,1,1,1,1,1,2,1,
AA.BIU_MANDARA.MUNJUK,Afro-Asiatic,1,2,2,2,2,2,2,1,1,2
AA.WEST_CHADIC.MUPUN,Afro-Asiatic,1,2,2,2,2,2,2,1,1,
ESu.SURMIC.MURLE,Surmic,2,2,,2,2,2,2,1,,2
SD.MURRINH_PATHA.MURRINH_PATHA_1,Southern_Daly,1,1,,2,2,2,,,1,
SD.MURRINH_PATHA.MURRINH_PATHA_2,Southern_Daly,1,1,,2,2,2,,,1,
ESu.SURMIC.MURSI,Surmic,1,2,,2,2,,2,1,,2
Brs.BURUSHASKI.MURTAZABAD_HUNZA_BURUSHASKI,Burushaski,1,1,1,1,1,1,1,2,2,1
AA.BIU_MANDARA.MUSGU_B,Afro-Asiatic,1,2,2,2,2,2,2,1,1,2
AA.BIU_MANDARA.MUSGU_D_PLUS_RD,Afro-Asiatic,1,2,2,2,2,2,2,1,1,2
AA.BIU_MANDARA.MUSGU_K,Afro-Asiatic,1,2,2,2,2,2,2,1,1,2
AA.BIU_MANDARA.MUSGU_O,Afro-Asiatic,1,2,2,2,2,2,2,1,1,2
AA.BIU_MANDARA.MUSGU_R,Afro-Asiatic,1,2,2,2,2,2,2,1,1,2
An.OCEANIC.MUSOM,Austronesian,1,2,2,,2,2,2,1,,2
An.OCEANIC.MUSOM_2,Austronesian,1,2,2,,2,2,2,1,,2
Sal.CENTRAL_SALISH.MUSQUEAM,Salishan,2,2,2,2,1,1,1,,,2
An.OCEANIC.MUSSAU_EMIRA,Austronesian,1,2,2,2,1,2,1,1,1,2
Pen.COSTANOAN.MUTSUN,Miwok-Costanoan,,2,,1,,1,,1,1,2
AA.WEST_CHADIC.MWAGHAVUL,Afro-Asiatic,1,2,2,2,2,2,2,1,1,
NC.BANTOID.MWERA,Atlantic-Congo,1,2,,2,2,,2,,,1
NC.BANTOID.MWINI,Atlantic-Congo,1,2,2,2,2,2,2,1,1,1
NC.BANTOID.MWINI_2,Atlantic-Congo,1,2,2,2,2,2,2,1,1,1
TNG.FINISTERRE_HUON.NABAK,Nuclear_Trans_New_Guinea,1,1,1,1,2,2,2,,,2
IE.INDIC.NAGAR_SHINA,Indo-European,1,1,1,1,1,1,1,,2,2
ST.KUKI_CHIN.NAGA_AO,Sino-Tibetan,1,1,1,1,2,2,2,,1,1
ST.NORTHERN_NAGA.NAGA_CHANG,Sino-Tibetan,1,1,1,1,,1,2,,,1
ST.KUKI_CHIN.NAGA_LOTHA,Sino-Tibetan,1,1,1,1,2,2,2,,2,1
ST.KUKI_CHIN.NAGA_MAO,Sino-Tibetan,1,1,,1,2,,2,2,1,
ST.NORTHERN_NAGA.NAGA_NOCTE,Sino-Tibetan,1,1,1,1,2,1,,2,2,1
ST.KUKI_CHIN.NAGA_SUMI,Sino-Tibetan,1,1,1,1,2,2,2,,1,1
ST.KUKI_CHIN.NAGA_TANGKHUL,Sino-Tibetan,1,1,,1,2,2,2,2,2,1
ST.KUKI_CHIN.NAGA_TARAO,Sino-Tibetan,1,1,,,2,,2,,1,1
ST.KUKI_CHIN.NAGA_ZEME,Sino-Tibetan,1,1,1,,2,1,2,,1,2
UA.AZTECAN.NAHUATL_POMARO_AQUILA,Uto-Aztecan,2,2,2,,2,1,1,1,,2
An.OCEANIC.NAKANAI,Austronesian,1,2,2,2,2,2,,,,
An.OCEANIC.NAKANAI_2,Austronesian,1,2,2,2,2,2,,,,
An.OCEANIC.NALIK,Austronesian,1,2,2,,2,2,2,1,,
KK.KHOE_KWADI.NAMA,Khoe-Kwadi,1,1,1,1,1,1,1,2,1,2
KK.KHOE_KWADI.NAMA_2,Khoe-Kwadi,1,1,1,1,1,1,1,2,1,2
Sep.YELLOW_RIVER.NAMIA,Sepik,1,1,1,1,2,2,2,,1,1
TNG.FASU.NAMUMI,Fasu,1,1,1,1,2,2,2,,2,
AuA.NICOBARESE.NANCAWRI,Austroasiatic,2,2,2,2,2,1,,,1,
NC.BANTOID.NANDE,Atlantic-Congo,,,2,2,2,2,2,,,1
NC.BANTOID.NANDE_SHU,Atlantic-Congo,,,2,2,2,2,2,,,1
NC.BANTOID.NANDE_SWAGA,Atlantic-Congo,,,2,2,2,2,2,,,1
ESu.NILOTIC.NANDI,Nilotic,2,2,2,2,2,,2,1,1,1
ESu.NILOTIC.NANDI_2,Nilotic,2,2,2,2,2,,2,1,1,1
ST.BURMESE_LOLO.NANJIANG,Sino-Tibetan,1,1,1,1,2,2,2,,1,
TNG.FINISTERRE_HUON.NANKINA,Nuclear_Trans_New_Guinea,1,1,1,1,2,,2,,,2
An.OCEANIC.NANUMEA,Austronesian,2,1,2,2,2,2,1,1,,
ESu.NARA.NARA,Nara,1,1,1,1,2,2,,1,1,2
IE.SLAVIC.NASHTA,Indo-European,1,2,2,,1,1,,,1,2
EB.EAST_BOUGAINVILLE.NASIOI,South_Bougainville,1,1,1,,,1,1,,1,
NDe.ATHAPASKAN.NAVAHO,Athabaskan-Eyak-Tlingit,1,1,1,1,2,1,1,,1,2
NDe.ATHAPASKAN.NAVAJO,Athabaskan-Eyak-Tlingit,1,1,1,1,2,1,1,,1,2
IE.INDIC.NAWAR_ZUTT,Indo-European,2,2,2,1,1,1,1,1,,
Brs.BURUSHASKI.NAZIMABAD_HUNZA_BURUSHASKI,Burushaski,1,1,1,1,1,1,1,2,2,1
NC.BANTOID.NDONGA,Atlantic-Congo,1,2,2,2,2,2,2,1,,2
NC.BANTOID.NDONGA_2,Atlantic-Congo,1,2,2,2,2,2,2,1,,2
NC.BANTOID.NDOUBA,Atlantic-Congo,1,2,2,,2,2,2,,,
SoP.BILUA.NDOVELE_BILUA,Bilua,,2,1,1,1,1,1,,,
NC.BANTOID.NDUMU,Atlantic-Congo,1,2,2,2,2,2,2,,,
NC.BANTOID.NDUMU_2,Atlantic-Congo,1,2,2,2,2,2,2,,,
NC.UBANGI.NDUNGA,Atlantic-Congo,1,2,2,2,2,,2,1,,2
NC.NORTHERN_ATLANTIC.NDUT_FALOR,Atlantic-Congo,1,2,2,2,2,2,2,1,,1
NC.BANTOID.NDUUMO,Atlantic-Congo,1,2,2,2,2,2,2,,,
An.OCEANIC.NEHAN,Austronesian,1,2,2,2,2,2,1,1,,2
Ura.SAMOYEDIC.NENETS,Uralic,1,1,1,1,1,1,1,,,
AA.SEMITIC.NEO_ARAMAIC,Afro-Asiatic,1,1,2,2,2,1,1,1,,2
NC.KRU.NEYO,Atlantic-Congo,1,,,1,2,2,2,1,1,
Pen.SAHAPTIAN.NEZ_PERCE,Sahaptian,,,,1,1,1,1,1,1,2
Pen.MAIDUAN.NE_MAIDU,Maiduan,1,1,,1,1,1,,2,2,1
PN.WESTERN_PAMA_NYUNGAN.NGAANYATJARRA,Pama-Nyungan,1,1,1,1,2,2,2,,,1
Chi.GUAYMIIC.NGABERE_MOVE,Chibchan,1,1,1,1,2,2,2,,,
CSu.BONGO_BAGIRMI.NGAMBAY,Central_Sudanic,1,2,2,2,2,2,2,1,1,2
Gun.NGANDI.NGANDI,Gunwinyguan,1,1,,,2,1,2,,1,1
Wor.WORRORRAN.NGARINYIN,Worrorran,1,1,1,,2,2,2,1,,2
NC.BANTOID.NGELEMA_1,Atlantic-Congo,1,2,2,,2,2,2,,,1
NC.BANTOID.NGELEMA_2,Atlantic-Congo,1,2,2,,2,2,2,,,1
NC.BANTOID.NGELIMA,Atlantic-Congo,1,2,2,,2,2,2,,,1
An.OCEANIC.NGGELA,Austronesian,2,2,2,2,2,2,1,1,1,
CSu.LENDU.NGITI,Central_Sudanic,1,,1,1,1,1,1,,1,2
AA.WEST_CHADIC.NGIZIM,Afro-Asiatic,1,2,2,2,2,2,2,1,,2
WP.NORTH_HALMAHERAN.NGOFABOBAWA,North_Halmahera,1,2,2,1,2,2,2,1,,2
An.SOUTH_HALMAHERA_WEST_NEW_GUINEA.NGOFAGITA,Austronesian,1,2,2,1,2,2,2,1,,2
An.SOUTH_HALMAHERA_WEST_NEW_GUINEA.NGOFAKIAHA,Austronesian,1,2,2,1,2,2,2,1,,2
NC.BANTOID.NGONI,Atlantic-Congo,1,2,2,2,2,2,2,1,,
NC.BANTOID.NGONI_2,Atlantic-Congo,1,2,2,2,2,,,1,1,1
NC.BANTOID.NGONI_MALAWI,Atlantic-Congo,1,2,2,2,2,2,2,1,1,1
NC.BANTOID.NGUMBO_TAABWA,Atlantic-Congo,1,2,2,2,2,,2,,,1
ESu.NILOTIC.NGYEPU,Nilotic,1,2,2,2,2,1,2,1,1,2
An.NORTHWEST_SUMATRA_BARRIER_ISLANDS.NIAS_NORTHERN,Austronesian,2,2,2,2,2,2,,1,1,
An.NORTHWEST_SUMATRA_BARRIER_ISLANDS.NIAS_SOUTHERN,Austronesian,2,2,2,2,2,2,,1,1,
Yan.YANOMAM.NINAM,Yanomamic,1,1,1,1,2,1,1,,1,
IE.SLAVIC.NINILCHIK_RUSSIAN,Indo-European,1,2,2,2,1,1,1,1,1,2
Pen.MAIDUAN.NISENAN,Maiduan,1,1,,1,1,1,,,1,1
ST.TANI.NISHING,Sino-Tibetan,1,1,1,1,1,,2,,,1
ST.TANI.NISI,Sino-Tibetan,1,1,1,1,1,,2,,,1
An.OCEANIC.NIUE,Austronesian,2,2,2,2,2,,1,1,1,
NC.BANTOID.NKOMO_KELLE,Atlantic-Congo,1,2,2,,2,2,2,,,
NC.BANTOID.NKOMO_OLOLI,Atlantic-Congo,1,2,2,,2,2,2,,,
NC.BANTOID.NKORE_KIGA,Atlantic-Congo,1,2,2,2,2,2,2,1,1,1
ST.NORTHERN_NAGA.NOCTE,Sino-Tibetan,1,1,1,1,2,1,,2,2,1
NC.NORTHERN_ATLANTIC.NON,Atlantic-Congo,1,2,2,2,2,2,2,1,1,1
NC.BANTOID.NONI,Atlantic-Congo,1,2,,2,2,2,2,1,1,
May.MAYAN.NORTHERN_CAKCHIQUEL_SAN_MARTIN_JILOTEPEQUE,Mayan,2,2,2,2,1,1,1,1,,
May.MAYAN.NORTHERN_CAKCHIQUEL_TECPAN,Mayan,2,2,2,2,1,1,1,1,,
Cho.CHOCO.NORTHERN_EMBERA,Chocoan,1,1,1,1,2,1,2,1,2,1
May.MAYAN.NORTHERN_MAM_SAN_ILDEFONSO_IXTAHUACAN,Mayan,2,2,2,2,,1,1,1,1,2
UA.NUMIC.NORTHERN_PAIUTE,Uto-Aztecan,1,1,,1,1,1,1,1,1,2
UA.NUMIC.NORTHERN_PAIUTE_BANNOCK,Uto-Aztecan,1,1,,1,1,1,1,1,1,2
UA.TEPIMAN.NORTHERN_TEPEHUAN,Uto-Aztecan,2,2,1,1,,1,1,1,1,2
An.OCEANIC.NORTH_EFATE_NGUNA,Austronesian,1,2,2,2,2,2,2,,,2
An.OCEANIC.NORTH_EFATE_PWELE,Austronesian,1,2,2,2,2,2,2,,,2
An.OCEANIC.NORTH_EFATE_SESAKE,Austronesian,1,2,2,2,2,2,2,,,2
An.OCEANIC.NORTH_EFATE_SIVIRI,Austronesian,1,2,2,2,2,2,2,,,2
An.OCEANIC.NORTH_EFATE_WORAVIU,Austronesian,1,2,2,2,2,2,2,,,2
An.OCEANIC.NORTH_MALO,Austronesian,1,2,,2,2,2,2,1,,
Ura.SAAMI.NORTH_SAAMI,Uralic,1,2,1,1,1,,,,1,
NC.BANTOID.NTSIAMI,Atlantic-Congo,1,2,2,,2,2,2,,,
ESu.NILOTIC.NUER,Nilotic,1,,2,2,2,2,2,1,,2
An.SOUTH_HALMAHERA_WEST_NEW_GUINEA.NUMFOR,Austronesian,1,2,2,1,2,2,2,1,,2
TK.KAM_TAI.NUNG,Tai-Kadai,1,2,2,2,2,2,1,1,1,
ST.NUNGISH.NUNG_CHINA,Sino-Tibetan,1,1,1,1,,1,2,,1,1
ST.BURMESE_LOLO.NUOSU_YI,Sino-Tibetan,1,1,1,,2,2,2,,,
NC.NUPOID.NUPE,Atlantic-Congo,1,2,2,2,2,2,2,1,1,
Tu.TU.NU_EN,Tuu,1,2,,1,2,2,2,1,1,
NC.BANTOID.NYAMWEZI,Atlantic-Congo,,2,,2,2,2,2,,,1
ESu.NILOTIC.NYANGGWARA,Nilotic,1,2,2,2,2,1,2,1,1,2
NC.BANTOID.NYANJA,Atlantic-Congo,1,2,2,2,2,2,2,1,1,1
NC.BANTOID.NYANJA_2,Atlantic-Congo,1,2,2,2,2,2,2,1,1,1
NC.BANTOID.NYANJA_NYASA,Atlantic-Congo,1,2,2,2,2,2,2,1,1,1
NC.UBANGI.NZAKARA,Atlantic-Congo,1,2,2,2,1,2,2,1,,2
TNG.EASTERN_HIGHLANDS.N_TAIRORA,Nuclear_Trans_New_Guinea,1,1,,1,,1,2,,,2
Teq.TEQUISTLATECAN.OAXACA_CHONTAL,Tequistlatecan,2,2,,2,1,,,,1,2
NC.BANTOID.OBAA,Atlantic-Congo,1,2,2,,2,2,2,,,
NC.BANTOID.OBELI,Atlantic-Congo,1,2,2,,2,2,2,,,
NC.CROSS_RIVER.OBOLO,Atlantic-Congo,1,2,2,2,,2,2,1,1,1
OM.MATLATZINCAN.OCUILTECO,Otomanguean,1,2,2,,1,1,1,,1,1
IE.INDIC.ODIR_KHOWAR,Indo-European,1,1,1,1,1,,,2,,
Ijo.IJOID.OGBE_IJO,Ijoid,1,1,,1,1,1,1,2,2,
Ijo.IJOID.OGBOIN,Ijoid,1,1,,1,1,1,1,2,2,
NC.CROSS_RIVER.OGBRONUAGUM,Atlantic-Congo,1,2,2,,1,2,1,1,1,1
Ijo.IJOID.OGULAGHA,Ijoid,1,1,,1,1,1,1,2,2,
Alg.ALGONQUIAN.OJIBWA_EASTERN,Algic,2,2,,1,,1,1,1,1,2
NC.DEFOID.OKA,Atlantic-Congo,1,2,2,2,2,2,2,1,,
Tor.WAPEI_PALEI.OLO_ERETEI,Nuclear_Torricelli,1,2,2,,2,2,2,1,1,2
Tor.WAPEI_PALEI.OLO_LUMI,Nuclear_Torricelli,1,2,2,,2,2,2,1,1,2
Tor.WAPEI_PALEI.OLO_YEBIL,Nuclear_Torricelli,1,2,2,,2,2,2,1,1,2
Sio.CORE_SIOUAN.OMAHA_PONCA,Siouan,1,1,,1,2,1,2,,1,1
An.OCEANIC.ONEIBIA_AROSI,Austronesian,1,2,2,2,2,2,1,1,1,
Wak.NORTHERN_WAKASHAN.OOWEKYALA,Wakashan,2,2,2,2,1,1,,1,,
UA.CAHITA.OPATA,Uto-Aztecan,1,1,1,1,,1,,1,1,2
Ijo.IJOID.OPEREMO,Ijoid,1,1,,1,1,1,1,2,2,
Ijo.IJOID.OPOROMO,Ijoid,1,1,,1,1,1,1,2,2,
Krd.RASHAD.ORIG,Rashad,1,1,,2,2,2,2,,,1
NC.BANTOID.OROKO,Atlantic-Congo,1,2,2,2,2,2,2,,1,1
TO.ORYA.ORYA_2,Tor-Orya,1,1,1,1,2,2,,,,
Sio.CORE_SIOUAN.OSAGE,Siouan,1,1,1,1,2,,,,,2
OM.OTOMIAN.OTOMI_DE_1776,Otomanguean,2,2,2,2,1,1,1,1,1,2
OM.OTOMIAN.OTOMI_MEZQUITAL,Otomanguean,2,2,2,2,1,1,1,1,1,2
NC.BANTOID.OYABI,Atlantic-Congo,1,2,2,,2,2,2,,,
Ijo.IJOID.OYAKIRI,Ijoid,1,1,,1,1,1,1,2,2,
NC.BANTOID.OYUOMI_MBAMA,Atlantic-Congo,1,2,2,,2,2,2,,,
NC.BANTOID.OYUOMI_TCHERRE,Atlantic-Congo,1,2,2,,2,2,2,,,
An.OCEANIC.PAAMA_FAULILI,Austronesian,1,2,2,2,2,,2,1,,1
An.OCEANIC.PAAMA_LAUL,Austronesian,1,2,2,2,2,,2,1,,1
An.OCEANIC.PAAMA_LIRONESA,Austronesian,1,2,2,2,2,,2,1,,1
AA.WEST_CHADIC.PAANCI,Afro-Asiatic,1,2,2,2,1,,2,1,,2
An.SAMA_BAJAW.PADEI_LAUT_BAJAU,Austronesian,,2,2,2,2,2,,1,,
Pae.PAEZAN.PAEZ,Paez,1,1,1,1,2,1,1,,2,1
Pae.PAEZAN.PAEZ_2,Paez,1,1,1,1,2,1,1,,2,1
AuA.MUNDA.PAHARPUR_SANTALI,Austroasiatic,1,1,1,1,1,1,1,,2,
An.PAIWAN.PAIWAN,Austronesian,2,2,2,2,2,1,2,1,,2
CW.CHAPACURA_WANHAN.PAKAANOVA,Chapacuran,2,2,2,2,,2,,1,,
IE.INDIC.PALAS_SHINA,Indo-European,1,1,1,1,1,1,1,,2,2
An.PALAUAN.PALAUAN,Austronesian,1,2,2,2,1,1,1,1,,2
Arw.EASTERN_ARAWAKAN.PALIKUR,Arawakan,1,2,2,1,2,1,1,,1,
UA.NUMIC.PANAMINT,Uto-Aztecan,1,1,,1,1,,1,,1,2
MGe.GE_KAINGANG.PANARA,Nuclear-Macro-Je,2,,1,1,2,,2,1,1,
CSu.MORU_MAADI.PANDIKERI,Central_Sudanic,1,,1,,2,2,2,1,1,2
An.ATAYALIC.PARAN_TAROKO,Austronesian,2,2,,2,,2,1,1,,
NC.BANTOID.PARE,Atlantic-Congo,1,2,2,2,2,1,2,1,,1
NC.BANTOID.PARE_2,Atlantic-Congo,1,2,2,2,2,1,2,1,,1
NC.BANTOID.PARE_SUD,Atlantic-Congo,1,2,2,2,2,1,2,1,,1
NC.BANTOID.PARE_TANZANIA,Atlantic-Congo,1,2,2,2,2,1,2,1,,1
IE.INDIC.PARGAM_NISAR_KHOWAR,Indo-European,1,1,1,1,1,,,2,,
ESu.NILOTIC.PARI,Nilotic,1,1,2,2,2,,2,1,,2
Tor.MARIENBERG.PARUWA,Nuclear_Torricelli,1,1,1,1,2,2,2,,,2
An.OCEANIC.PATEP,Austronesian,1,2,2,1,2,2,2,1,,
AuA.MUNDA.PATICHORA_SANTALI,Austroasiatic,1,1,1,1,1,1,1,,2,
An.CENTRAL_MALAYO_POLYNESIAN.PAULOHI,Austronesian,1,2,2,1,2,2,2,1,,2
Aru.ARAUAN.PAUMARI,Arawan,2,,1,1,2,1,2,1,2,
Teb.PAWAIAN.PAWAIA,Pawaia,1,1,1,,1,1,2,,2,2
NC.BANTOID.PEMBA,Atlantic-Congo,1,2,2,2,2,2,2,1,1,1
AA.WEST_CHADIC.PERO,Afro-Asiatic,1,2,2,2,2,,2,1,1,
AA.WEST_CHADIC.PERO_2,Afro-Asiatic,1,2,2,2,2,,2,1,1,
IE.IRANIAN.PERSIAN,Indo-European,1,1,2,2,2,1,1,1,1,1
Slb.PIAROA.PIAROA,Jodi-Saliban,1,1,,1,2,1,2,,,1
Gcu.SOUTH_GUAICURUAN.PILAGA,Guaicuruan,2,2,,2,2,1,,1,1,1
UA.TEPIMAN.PIMA_BAJO,Uto-Aztecan,1,1,,1,1,1,1,1,,2
UA.AZTECAN.PIPIL,Uto-Aztecan,2,2,2,2,1,,1,1,,2
Mur.MURA.PIRAHA,Mura-Piraha,1,1,1,1,2,2,2,,,1
An.SAMA_BAJAW.PITULUA_BAJAU,Austronesian,,2,2,2,2,2,,1,,
AA.BIU_MANDARA.PODOKO,Afro-Asiatic,2,2,2,2,,1,2,1,1,2
An.OCEANIC.POHNPEIAN,Austronesian,1,2,2,,2,2,2,1,,2
ESu.NILOTIC.POKOT,Nilotic,2,2,2,2,2,,2,1,,
Sko.SERRA_HILLS.POKO_RAWO,Sko,1,,,1,2,2,2,,1,2
IE.SLAVIC.POLISH,Indo-European,,2,2,2,1,1,1,1,1,2
Sko.WARAPU.POO,Sko,1,1,,2,2,2,2,1,1,
IE.ROMANCE.PORTUGUESE,Indo-European,1,2,2,2,2,1,,1,1,2
An.OCEANIC.PORT_SANDWICH,Austronesian,1,2,2,2,2,2,2,1,,1
TK.KAM_TAI.PO_AI,Tai-Kadai,1,2,,2,2,2,1,,,
IE.NURISTANI.PRASUNI,Indo-European,1,1,1,1,1,1,1,,,
An.LAMPUNGIC.PUBIAN_LAMPUNG_API,Austronesian,1,2,2,2,2,2,1,1,1,1
Aym.AYMARAN.PUKI,Aymaran,1,1,1,1,1,1,1,,1,2
An.OCEANIC.PULO_ANNA,Austronesian,1,2,2,2,,2,1,,1,
An.OCEANIC.PULUWATESE,Austronesian,1,2,2,1,2,2,1,1,,2
AB.ANSON_BAY.PUNGUPUNGU,Anson_Bay,1,1,1,1,2,,2,,,
IE.INDIC.PUNIAL_SHINA,Indo-European,1,1,1,1,1,1,1,,2,2
IE.INDIC.PUNJABI_MAJHI,Indo-European,1,1,1,1,1,1,1,,1,2
Tar.TARASCAN.PUREPECHA,Tarascan,1,2,,,2,1,1,1,,2
Tar.TARASCAN.PURHEPECHA,Tarascan,1,2,,,2,1,1,1,,2
Tar.TARASCAN.PURHEPECHA_2,Tarascan,1,2,,,2,1,1,1,,2
ST.BODIC.PURIK,Sino-Tibetan,1,1,1,,1,1,2,2,2,1
Que.QUECHUAN.QUECHUA_IMBABURA,Quechuan,1,1,1,1,1,1,1,2,1,2
Que.QUECHUAN.QUICHUA_IMBABURA_2,Quechuan,1,1,1,1,1,1,1,2,1,2
Chk.CHIMAKUAN.QUILEUTE,Chimakuan,2,2,,2,1,1,1,,2,
An.OCEANIC.RAGA,Austronesian,1,2,2,2,2,2,2,1,,
AuA.MUNDA.RAJARAMPUR_SANTALI,Austroasiatic,1,1,1,1,1,1,1,,2,
Chi.RAMA.RAMA,Chibchan,1,1,1,1,2,1,2,,,2
Sko.WARAPU.RAMO,Sko,1,1,,2,2,2,2,1,1,
An.LAMPUNGIC.RANAU_LAMPUNG_API,Austronesian,1,2,2,2,2,2,1,1,1,1
ST.BODIC.RANG_PAS,Sino-Tibetan,1,1,1,1,2,2,2,2,2,2
Arc.ARAUCANIAN.RANQUELCHE,Araucanian,2,2,,1,1,1,1,,1,1
An.OCEANIC.RAPA_NUI,Austronesian,2,2,2,2,2,2,1,1,1,
AuA.MUNDA.RASHIDPUR_SANTALI,Austroasiatic,1,1,1,1,1,1,1,,2,
AuA.MUNDA.RAUTNAGAR_SANTALI,Austroasiatic,1,1,1,1,1,1,1,,2,
ST.NUNGISH.RAWANG,Sino-Tibetan,1,1,1,1,2,1,2,2,1,2
AuA.MUNDA.REMO,Austroasiatic,1,1,1,1,1,1,1,,2,1
Arw.INLAND_NORTHERN_ARAWAKAN.RESIGARO,Arawakan,1,1,1,1,1,1,1,,1,2
Arw.INLAND_NORTHERN_ARAWAKAN.RESIGARO_2,Arawakan,1,1,1,1,1,1,1,,1,2
ST.BODIC.RGYALTHANG,Sino-Tibetan,1,1,1,1,2,2,2,2,,1
IE.ROMANCE.ROMANIAN,Indo-European,1,2,2,2,2,,1,1,,2
IE.ROMANCE.ROMANIAN_2,Indo-European,1,2,2,2,2,,1,1,,2
IE.ROMANCE.ROMANSH_GRISHUN,Indo-European,1,2,,2,2,1,1,1,,2
IE.ROMANCE.ROMANSH_SURMIRAN,Indo-European,1,2,,2,2,1,1,1,,2
IE.ROMANCE.ROMANSH_SURSILVAN,Indo-European,1,2,,2,2,1,1,1,,2
IE.ROMANCE.ROMANSH_VALLADER,Indo-European,1,2,,2,2,1,1,1,,2
ST.BODIC.RONDU_BALTI,Sino-Tibetan,1,1,1,,1,1,2,2,2,
IE.INDIC.RONDU_SHINA,Indo-European,1,1,1,1,1,1,1,,2,2
NC.BANTOID.RONGA,Atlantic-Congo,1,2,2,2,2,2,,,,
AA.WEST_CHADIC.RON_BOKKOS,Afro-Asiatic,1,2,,2,,2,2,1,1,
AA.WEST_CHADIC.RON_DAFFO_BUTURA,Afro-Asiatic,1,2,,2,,2,2,1,1,
AA.WEST_CHADIC.RON_MANGAR,Afro-Asiatic,1,2,,2,,2,2,1,1,
AA.WEST_CHADIC.RON_MONGUNA,Afro-Asiatic,1,2,,2,,2,2,1,1,
An.OCEANIC.ROTUMAN,Austronesian,1,2,2,2,2,2,2,1,1,
An.OCEANIC.ROTUMAN_2,Austronesian,1,2,2,2,2,2,2,1,1,
An.OCEANIC.ROVIANA,Austronesian,2,2,,2,2,2,1,1,,2
An.RUKAI.RUKAI,Austronesian,2,2,2,2,,1,1,,,
Pen.COSTANOAN.RUMSEN,Miwok-Costanoan,,2,,1,,1,,1,1,2
TuK.TURAMA_KIKORIAN.RUMU,Turama-Kikori,1,1,1,1,2,2,2,2,1,1
Mab.MABAN.RUNGA,Maban,1,1,1,1,2,2,,1,2,1
NC.BANTOID.RUNYANKORE,Atlantic-Congo,1,2,2,2,2,2,2,1,,1
NC.BANTOID.RUNYANKORE_RUKIGA,Atlantic-Congo,1,2,2,2,2,2,2,1,,1
IE.SLAVIC.RUSSIAN,Indo-European,1,2,2,2,1,1,1,1,1,2
NDa.LEZGIC.RUTUL,Nakh-Daghestanian,1,1,1,1,1,1,1,,,
NC.BANTOID.RUUMBU_KIMWAANSA,Atlantic-Congo,1,2,2,2,2,2,2,,1,
NC.BANTOID.RWANDA,Atlantic-Congo,1,2,2,,2,1,2,,,1
NC.BANTOID.RWANDA_KIGOYI,Atlantic-Congo,1,2,2,,2,1,2,,,1
NC.BANTOID.RWANDA_RERA,Atlantic-Congo,1,2,2,,2,1,2,,,1
NC.BANTOID.RWANDA_TWA_KINIGI,Atlantic-Congo,1,2,2,,2,1,2,,,1
NC.BANTOID.S41_XHOSA,Atlantic-Congo,1,2,2,2,2,,2,1,1,1
WP.NORTH_HALMAHERAN.SABALE,North_Halmahera,1,2,2,1,2,2,2,1,,2
NDa.AVAR_ANDIC_TSEZIC.SAGADIN_TSEZ,Nakh-Daghestanian,1,1,1,1,1,1,1,,2,
WP.NORTH_HALMAHERAN.SAHU,North_Halmahera,1,2,2,1,2,2,2,1,,2
An.SOUTH_HALMAHERA_WEST_NEW_GUINEA.SAKETA,Austronesian,1,2,2,1,2,2,2,1,,2
Alt.TURKIC.SAKHA,Turkic,1,1,1,1,1,1,,2,,1
Ain.AINU.SAKHALIN_AINU,Ainu,1,1,1,1,1,1,1,2,1,2
An.OCEANIC.SALIBA_PAPUA_NEWGUINEA,Austronesian,1,1,1,1,2,1,2,1,1,2
Sln.SALINAN.SALINAN,Salinan,2,2,2,2,,1,1,,2,
NC.ADAMAWA.SAMBA_LEKO,Atlantic-Congo,1,2,1,1,2,2,2,1,1,
An.BARITO.SAMIHIM,Austronesian,1,2,,2,2,2,2,1,,
An.OCEANIC.SAMOAN,Austronesian,2,2,2,2,2,,,1,1,2
An.OCEANIC.SAMOAN_2,Austronesian,2,2,2,2,2,,,1,1,2
Sad.SANDAWE.SANDAWE,Sandawe,1,1,1,1,2,1,2,1,,1
NC.UBANGI.SANGO,Atlantic-Congo,1,2,2,2,1,2,2,1,1,2
NC.BANTOID.SANGU_1,Atlantic-Congo,1,2,,2,2,2,2,1,,1
Yan.YANOMAM.SANIMA,Yanomamic,1,1,1,1,2,1,,,,
AuA.MUNDA.SANTALI,Austroasiatic,1,1,1,1,1,1,1,,2,
Ker.KERESAN.SANTA_ANA_KERES,Keresan,1,1,1,1,,1,,,1,2
Alt.MONGOLIC.SANTA_MONGOLIAN,Mongolic,1,1,1,1,1,,1,,2,2
Ker.KERESAN.SANTO_DOMINGO_KERES,Keresan,1,1,1,1,,1,,,1,2
Yan.YANOMAM.SANUMA,Yanomamic,1,1,1,1,2,1,,,,
NDa.LAK_DARGWA.SANZHI_DARGI,Nakh-Daghestanian,1,1,1,1,1,,1,2,,
AA.SEMITIC.SAN_ANDRES_ARABIC_1,Afro-Asiatic,,2,2,2,2,,,1,1,2
AA.SEMITIC.SAN_ANDRES_ARABIC_2,Afro-Asiatic,,2,2,2,2,,,1,1,2
AA.SEMITIC.SAN_ANDRES_ARABIC_3,Afro-Asiatic,,2,2,2,2,,,1,1,2
NDe.ATHAPASKAN.SAN_CARLOS,Athabaskan-Eyak-Tlingit,1,1,,,,1,2,1,2,
An.CENTRAL_MALAYO_POLYNESIAN.SAPOLEWA_SOOW_KWELE_ULUI_SERAM,Austronesian,1,2,2,1,2,2,2,,1,2
NDe.ATHAPASKAN.SARCEE,Athabaskan-Eyak-Tlingit,1,1,1,1,2,1,1,1,2,2
IE.ROMANCE.SARDINIAN_CAMPIDANESE,Indo-European,1,2,,,2,,1,1,1,2
IE.INDIC.SATPARA_SHINA,Indo-European,1,1,1,1,1,1,1,,2,2
IE.INDIC.SAVI,Indo-European,1,1,1,1,1,1,,,,
SoP.SAVOSAVO.SAVOSAVO,Savosavo,1,1,1,1,1,1,1,2,,
IE.INDIC.SAZIN_SHINA,Indo-European,1,1,1,1,1,1,1,,2,2
AuA.BAHNARIC.SEDANG,Austroasiatic,1,2,2,2,2,2,1,1,1,
An.ATAYALIC.SEDIQ,Austronesian,2,2,,2,,2,1,1,,
Ura.SAMOYEDIC.SELKUP,Uralic,1,1,,1,1,1,1,,,
NC.KRU.SEME,Siamou,1,1,1,1,2,1,,,,2
AuA.ASLIAN.SEMELAI,Austroasiatic,,2,2,2,2,2,1,1,,2
An.OCEANIC.SENGGA_BABATANA,Austronesian,1,2,2,2,2,2,1,1,1,
NC.GUR.SENOUFO_SUPYIRE,Atlantic-Congo,1,1,1,1,2,1,2,,1,2
Snt.SENTANI.SENTANI,Sentanic,1,1,1,1,2,1,2,,,1
Hok.SERI.SERI,Seri,1,1,1,1,,2,2,,1,1
Gum.GUMUZ.SESE,Gumuz,1,2,2,2,,2,,1,2,
Sha.SHABO.SHABO,Shabo,1,1,1,,1,,1,1,,
Pan.PANOAN.SHARANAHUA,Pano-Tacanan,1,1,1,,,1,,,1,1
ESu.DAJU.SHATT,Dajuic,1,2,,2,2,2,2,1,,2
AA.NORTH_OMOTIC.SHE,Ta-Ne-Omotic,1,1,1,,,2,,,2,1
ST.BODIC.SHERPA,Sino-Tibetan,1,1,1,1,2,1,2,,1,1
ST.BODIC.SHIGAR_BALTI,Sino-Tibetan,1,1,1,,1,1,2,2,2,
ESu.NILOTIC.SHILLUK,Nilotic,1,2,2,2,2,,2,,,2
ESu.NILOTIC.SHILLUK_2,Nilotic,1,2,2,2,2,,2,,,2
IE.IRANIAN.SHIMSAL_WAKHI,Indo-European,1,1,,1,1,1,1,1,2,2
IE.INDIC.SHINA_2,Indo-European,1,1,1,1,1,1,1,,2,2
IE.INDIC.SHINA_GURESI,Indo-European,1,1,1,1,1,1,1,,2,2
IE.INDIC.SHINA_KOHISTANI,Indo-European,1,1,1,1,1,1,1,,2,2
Pan.PANOAN.SHIPIBO,Pano-Tacanan,1,1,1,1,,1,1,,1,1
Yan.YANOMAM.SHIRISHANA,Yanomamic,1,1,1,1,2,1,1,,1,
ST.BAI.SHI_BAI,Sino-Tibetan,1,2,,1,1,2,2,2,1,
NC.BANTOID.SHONA,Atlantic-Congo,1,2,2,2,2,2,2,1,,1
NC.BANTOID.SHONA_2,Atlantic-Congo,1,2,2,2,2,2,2,1,,1
NC.BANTOID.SHONA_KARANGA,Atlantic-Congo,1,2,2,2,2,2,2,1,,1
Jiv.JIVAROAN.SHUAR,Chicham,1,1,,1,1,,1,,,1
Sal.INTERIOR_SALISH.SHUSWAP,Salishan,2,2,2,2,,,,,1,2
TK.KAM_TAI.SIAMESE,Tai-Kadai,1,2,2,2,2,2,2,1,1,
TK.KAM_TAI.SIAMESE_2,Tai-Kadai,1,2,2,2,2,2,2,1,1,
TNG.EASTERN_HIGHLANDS.SIANE,Nuclear_Trans_New_Guinea,1,1,,1,2,,,,2,1
An.OCEANIC.SIAR,Austronesian,1,2,2,2,1,,1,1,,
AA.HIGHLAND_EAST_CUSHITIC.SIDAMO,Afro-Asiatic,1,1,1,1,1,1,1,2,,2
AA.HIGHLAND_EAST_CUSHITIC.SIDAMO_2,Afro-Asiatic,1,1,1,1,1,1,1,2,,2
An.OCEANIC.SIE,Austronesian,1,2,2,2,2,2,2,1,1,1
ST.BODIC.SIKKIMESE,Sino-Tibetan,1,1,1,1,2,,2,2,1,
An.NORTHWEST_SUMATRA_BARRIER_ISLANDS.SIMALUR,Austronesian,2,2,2,2,2,2,,,,2
TNG.CHIMBU.SINASINA,Nuclear_Trans_New_Guinea,1,1,,1,2,,2,,,1
An.OCEANIC.SINAUGORO,Austronesian,1,1,1,1,2,1,2,2,1,2
An.OCEANIC.SIO,Austronesian,1,2,2,1,2,2,2,1,1,2
Tuc.TUCANOAN.SIONA,Tucanoan,1,1,,1,1,1,1,,,1
May.MAYAN.SIPAKAPENSE,Mayan,2,2,2,2,1,1,1,1,1,2
Tup.TUPI_GUARANI.SIRIONO,Tupian,1,1,1,1,2,1,,,1,
An.OCEANIC.SISIQA,Austronesian,1,2,2,2,2,2,1,1,1,
OC.SIUSLAWAN.SIUSLAW,Siuslaw,,2,,,1,1,1,,1,2
ST.BODIC.SKARDU_BALTI,Sino-Tibetan,1,1,1,,1,1,2,2,2,
An.ATAYALIC.SKIKUN_ATAYAL,Austronesian,2,2,2,2,,2,1,,1,
Sko.WESTERN_SKOU.SKOU,Sko,1,1,1,1,2,2,2,,1,
IE.SLAVIC.SLOVENIAN,Indo-European,1,2,2,,1,1,1,,1,2
An.OCEANIC.SOBEI,Austronesian,1,2,2,1,2,2,2,1,1,2
Alt.TUNGUSIC.SOLON,Tungusic,1,1,1,1,1,1,1,2,1,
An.SOUTH_HALMAHERA_WEST_NEW_GUINEA.SOMA,Austronesian,1,2,2,1,2,2,2,1,,2
AA.LOWLAND_EAST_CUSHITIC.SOMALI,Afro-Asiatic,1,1,,,2,,1,1,1,2
AA.LOWLAND_EAST_CUSHITIC.SOMALI_2,Afro-Asiatic,1,1,,,2,,1,1,1,2
An.OCEANIC.SONSOROLESE,Austronesian,1,2,2,2,,2,1,,1,
An.SOUTH_SULAWESI.SOPPENG_BUGINESE,Austronesian,1,2,,2,,2,,1,1,
NC.BANTOID.SOTHO_SOUTHERN,Atlantic-Congo,1,2,2,2,2,2,,1,,2
NC.BANTOID.SOTHO_SUD,Atlantic-Congo,1,2,2,2,2,2,,1,,2
EBH.EAST_BIRDS_HEAD.SOUGB,East_Bird_s_Head,1,2,2,1,2,2,2,1,1,2
AA.SEMITIC.SOUKHNE_SYRIAN_ARABIC,Afro-Asiatic,1,2,2,2,2,,1,1,,1
Hok.POMOAN.SOUTHEASTERN_POMO,Pomoan,1,1,1,1,,1,1,,2,
PN.CENTRAL_PAMA_NYUNGAN.SOUTHERN_ARANDA,Pama-Nyungan,,,1,2,2,2,2,1,,1
May.MAYAN.SOUTHERN_CAKCHIQUEL_SAN_ANDRES_ITZAPA,Mayan,2,2,2,2,1,1,1,1,,
TK.KAM_TAI.SOUTHERN_DONG,Tai-Kadai,,2,2,,2,2,1,,1,
May.MAYAN.SOUTHERN_MAM_SAN_JUAN_OSTUNCALCO,Mayan,2,2,2,2,,1,1,1,1,2
UA.NUMIC.SOUTHERN_PAIUTE,Uto-Aztecan,,1,1,1,2,1,1,1,1,
An.OCEANIC.SOUTH_EFATE_ERAKOR,Austronesian,1,2,2,2,2,2,2,1,,
An.OCEANIC.SOUTH_EFATE_ERATAP,Austronesian,1,2,2,2,2,2,2,1,,
An.OCEANIC.SOUTH_EFATE_PANGO,Austronesian,1,2,2,2,2,2,2,1,,
An.OCEANIC.SOUTH_ISLAND_MAORI,Austronesian,2,2,2,2,2,,2,1,,
An.OCEANIC.SOUTH_MALO,Austronesian,1,2,,2,2,2,2,1,,
IE.ROMANCE.SPANISH,Indo-European,,2,2,2,2,1,1,1,,2
Sal.CENTRAL_SALISH.SQUAMISH,Salishan,2,2,2,2,1,1,1,,1,
An.ATAYALIC.SQULIQ_ATAYAL,Austronesian,2,2,2,2,,2,1,,1,
AuA.BAHNARIC.SRE,Austroasiatic,1,2,2,2,2,2,1,1,1,
AA.SEMITIC.STANDARD_ARABIC,Afro-Asiatic,2,2,2,2,2,1,1,,1,
IE.GERMANIC.STANDARD_GERMAN,Indo-European,1,,2,2,1,1,1,1,,2
An.PAIWAN.STIMUL_PAIWAN,Austronesian,2,2,2,2,2,1,2,1,,2
Sal.CENTRAL_SALISH.STOLO,Salishan,2,2,2,2,1,1,1,,,2
Mar.SOUTH_BIRDS_HEAD.SUABO,Inanwatan,1,,1,1,2,,2,,1,1
An.OCEANIC.SUDEST,Austronesian,1,2,,1,2,2,2,1,,
TNG.BINANDEREAN.SUENA,Nuclear_Trans_New_Guinea,1,1,1,1,2,2,2,,2,
An.LAMPUNGIC.SUKAU_LAMPUNG_API,Austronesian,1,2,2,2,2,2,1,1,1,1
Slk.SULKA.SULKA,Sulka,1,2,2,,2,2,2,1,,1
Aym.AYMARAN.SULLKATITI_TITIRI,Aymaran,1,1,1,1,1,1,1,,1,2
Sko.WARAPU.SUMO,Sko,1,1,,2,2,2,2,1,1,
An.MALAYO_SUMBAWAN.SUNDANESE,Austronesian,1,2,2,2,2,2,1,1,1,
An.LAMPUNGIC.SUNGKAI_LAMPUNG_API,Austronesian,1,2,2,2,2,2,1,1,1,1
ESu.SURMIC.SURI_CHAI,Surmic,1,,1,2,2,,2,,,2
TNG.MADANG.SUROI,Nuclear_Trans_New_Guinea,1,1,1,1,2,2,2,1,1,
NC.BANTOID.SWAHILI,Atlantic-Congo,1,2,2,2,2,2,2,1,1,1
NC.BANTOID.SWAHILI_2,Atlantic-Congo,1,2,2,2,2,2,2,1,1,1
NC.BANTOID.SWAHILI_CHIRAZI,Atlantic-Congo,1,2,2,2,2,2,2,1,1,1
NC.BANTOID.SWAHILI_MAKUNDUCHI,Atlantic-Congo,1,2,2,2,2,2,2,1,1,1
NC.BANTOID.SWAHILI_MVITA,Atlantic-Congo,1,2,2,2,2,2,2,1,1,1
NC.BANTOID.SWAHILI_PATE,Atlantic-Congo,1,2,2,2,2,2,2,1,1,1
NC.BANTOID.SWAHILI_PEMBA,Atlantic-Congo,1,2,2,2,2,2,2,1,1,1
NC.BANTOID.SWAHILI_SUD,Atlantic-Congo,1,2,2,2,2,2,2,1,1,1
NC.BANTOID.SWAHILI_TIKUU,Atlantic-Congo,1,2,2,2,2,2,2,1,1,1
NC.BANTOID.SWAHILI_VUMBA,Atlantic-Congo,1,2,2,2,2,2,2,1,1,1
IE.GERMANIC.SWEDISH,Indo-European,1,2,2,1,1,1,1,1,,2
AA.SEMITIC.SYRIAN_ARABIC,Afro-Asiatic,,2,2,2,2,,,1,1,2
NC.BANTOID.TAABWA_RDC_1,Atlantic-Congo,1,2,2,2,2,,2,,,1
NC.BANTOID.TAABWA_RDC_2,Atlantic-Congo,1,2,2,2,2,,2,,,1
NC.BANTOID.TAABWA_ZAMBIE,Atlantic-Congo,1,2,2,2,2,,2,,,1
Snt.SENTANI.TABLA,Sentanic,1,1,1,,2,1,2,,,
Snt.SENTANI.TABLA_C,Sentanic,1,1,1,,2,1,2,,,
Snt.SENTANI.TABLA_UNKNOWN_DIAL,Sentanic,1,1,1,,2,1,2,,,
Snt.SENTANI.TABLA_W,Sentanic,1,1,1,,2,1,2,,,
Tac.TACANAN.TACANA,Pano-Tacanan,1,1,1,1,,1,,,1,2
Alt.MONGOLIC.TACHENG_DAGUR,Mongolic,1,1,1,1,1,1,1,2,1,
WP.NORTH_HALMAHERAN.TAFASOHO,North_Halmahera,1,2,2,1,2,2,2,1,,2
An.BILIC.TAGABILI,Austronesian,2,2,2,2,2,2,1,1,1,2
An.GREATER_CENTRAL_PHILIPPINE.TAGALOG,Austronesian,2,2,,2,,,1,1,1,2
WP.NORTH_HALMAHERAN.TAGONO,North_Halmahera,1,2,2,1,2,2,2,1,,2
An.SOUTH_HALMAHERA_WEST_NEW_GUINEA.TAHANE,Austronesian,1,2,2,1,2,2,2,1,,2
An.OCEANIC.TAHITIAN,Austronesian,2,2,2,,2,1,,1,1,2
An.OCEANIC.TAHITIAN_2,Austronesian,2,2,2,,2,1,,1,1,2
NC.PLATOID.TAHOSS,Atlantic-Congo,1,2,2,2,2,2,2,1,1,2
TK.KAM_TAI.TAI,Tai-Kadai,1,2,2,2,2,2,2,1,1,
An.OCEANIC.TAIOF,Austronesian,1,2,,2,2,2,1,1,,
HM.HMONG_MIEN.TAIPAN_MIEN,Hmong-Mien,1,2,,1,2,1,1,,1,
TK.KAM_TAI.TAI_NONG_KHAI,Tai-Kadai,1,2,2,2,2,2,2,1,1,
TK.KAM_TAI.TAI_WESTERN_NUNG,Tai-Kadai,1,2,2,2,2,2,1,1,1,
IE.IRANIAN.TAJIK,Indo-European,1,1,2,2,2,1,1,1,1,1
Jap.JAPANESE.TAKARAJIMA_JAPANESE,Japonic,1,1,1,1,1,1,1,2,1,1
Tak.TAKELMA.TAKELMA,Takelma,1,1,1,1,2,1,2,,1,2
An.OCEANIC.TAKIA,Austronesian,1,1,1,1,2,2,,1,1,2
An.LAMPUNGIC.TALANG_PADANG_LAMPUNG_API,Austronesian,1,2,2,2,2,2,1,1,1,1
WP.NORTH_HALMAHERAN.TALAPAO,North_Halmahera,1,2,2,1,2,2,2,1,,2
IE.IRANIAN.TALYSH,Indo-European,,1,1,1,1,1,1,1,,
AA.BERBER.TAMAHAQ_TAHAGGART,Afro-Asiatic,,2,2,2,,2,1,,1,2
AA.BERBER.TAMAHAQ_TAHAGGART_2,Afro-Asiatic,,2,2,2,,2,1,,1,2
AA.BERBER.TAMASHEQ,Afro-Asiatic,2,2,2,2,2,2,1,1,1,2
AA.BERBER.TAMAZIGHT_CENTRAL_ATLAS_AYT_IZDEG,Afro-Asiatic,2,2,2,2,2,,1,1,1,2
AA.BERBER.TAMAZIGHT_CENTRAL_ATLAS_AYT_NDHIR,Afro-Asiatic,2,2,2,2,2,,1,1,1,2
AA.BERBER.TAMAZIGHT_CENTRAL_ATLAS_NTIFA,Afro-Asiatic,2,2,2,2,2,,1,1,1,2
Dra.SOUTHERN_DRAVIDIAN.TAMIL,Dravidian,1,1,1,1,1,1,1,2,2,1
NDe.ATHAPASKAN.TANACROSS,Athabaskan-Eyak-Tlingit,1,1,1,1,2,1,,,,
An.RUKAI.TANAN_RUKAI,Austronesian,2,2,2,2,,1,1,,,
IE.INDIC.TANGIR_SHINA,Indo-European,1,1,1,1,1,1,1,,2,2
TNG.DANI.TANGMA_DANI,Nuclear_Trans_New_Guinea,1,1,1,1,,2,,1,2,2
Tuc.TUCANOAN.TANIMUCA,Tucanoan,1,1,1,1,1,1,1,,1,1
Tuc.TUCANOAN.TANIMUCA_RETUARA,Tucanoan,1,1,1,1,1,1,1,,1,1
Tup.TUPI_GUARANI.TAPIETE,Tupian,1,1,2,1,,1,1,1,,1
ST.DIGAROAN.TARAON,Sino-Tibetan,1,1,1,1,2,,2,2,,1
Tar.TARASCAN.TARASCAN,Tarascan,1,2,,,2,1,1,1,,2
Arw.INLAND_NORTHERN_ARAWAKAN.TARIANA,Arawakan,1,1,1,1,,1,1,1,,1
Arw.INLAND_NORTHERN_ARAWAKAN.TARIANO,Arawakan,1,1,1,1,,1,1,1,,1
AA.BERBER.TARIFIT_BENI_IZNASSEN,Afro-Asiatic,1,2,2,2,2,2,1,1,1,2
AA.BERBER.TARIFIT_GUELAIA,Afro-Asiatic,1,2,2,2,2,2,1,1,1,2
An.NORTH_BORNEO.TATANA,Austronesian,2,2,,2,2,2,1,1,1,
Alt.TURKIC.TATAR,Turkic,1,1,1,1,1,1,1,2,1,
An.GREATER_CENTRAL_PHILIPPINE.TAUSUG,Austronesian,2,2,2,2,2,,,,,2
TNG.MADANG.TAUYA,Nuclear_Trans_New_Guinea,1,1,1,1,2,1,2,,1,2
An.OCEANIC.TAWALA,Austronesian,1,1,,1,2,1,2,1,,2
An.BILIC.TBOLI_TAGABILI,Austronesian,2,2,2,2,2,2,1,1,1,2
An.OCEANIC.TEANU,Austronesian,1,2,2,2,2,2,2,1,,2
NC.BANTOID.TEE_TEKE_KALE,Atlantic-Congo,1,2,2,2,2,2,2,,1,
NC.BANTOID.TEKE_BOUNDJI,Atlantic-Congo,1,2,2,2,2,2,2,,1,
NC.BANTOID.TEKE_KOMONO,Atlantic-Congo,1,2,2,2,2,2,2,,1,
TNG.OK.TELEFOL,Nuclear_Trans_New_Guinea,1,1,1,1,2,,2,,,
Dra.SOUTH_CENTRAL_DRAVIDIAN.TELUGU,Dravidian,1,1,1,1,1,1,1,2,2,1
Dra.SOUTH_CENTRAL_DRAVIDIAN.TELUGU_2,Dravidian,1,1,1,1,1,1,1,2,2,1
ESu.TEMEIN.TEMEIN,Temeinic,1,2,,2,2,2,2,,,2
AuA.ASLIAN.TEMIAR,Austroasiatic,1,2,2,,2,2,,1,,2
Man.WESTERN_MANDE.TENENGAKAN,Mande,1,1,1,1,2,2,2,,1,
ESu.SURMIC.TENNET,Surmic,2,2,,2,2,2,2,1,,2
OM.SUBTIABA_TLAPANEC.TEOCUITLAPA_MEPHAA,Otomanguean,2,2,2,2,2,2,1,1,1,1
An.OCEANIC.TEOP,Austronesian,1,2,2,2,2,2,1,1,,
Tot.TOTONACAN.TEPEHUA_HUEHUETLA,Totonacan,2,2,2,2,1,1,1,1,1,2
Tot.TOTONACAN.TEPEHUA_TLACHICHILCO,Totonacan,2,2,2,2,1,,1,1,,2
ESu.KULIAK.TEPES,Kuliak,2,2,2,2,2,2,2,1,1,2
AA.BIU_MANDARA.TERA,Afro-Asiatic,1,2,2,2,2,2,2,1,1,2
AA.BIU_MANDARA.TERA_PIDLIMDI,Afro-Asiatic,1,2,2,2,2,2,2,1,1,2
Chi.TALAMANCA.TERIBE,Chibchan,1,1,1,1,2,2,2,1,1,2
ESu.NILOTIC.TESO,Nilotic,2,2,2,2,2,2,2,1,,2
NC.BANTOID.TETELA,Atlantic-Congo,1,2,2,2,,2,2,,1,1
NC.BANTOID.TETELA_YYONDO,Atlantic-Congo,1,2,2,2,,2,2,,1,1
UA.AZTECAN.TETELCINGO_NAHUATL,Uto-Aztecan,,2,2,2,2,1,1,1,,2
An.CENTRAL_MALAYO_POLYNESIAN.TETUN,Austronesian,1,2,2,1,2,2,2,1,1,2
TK.KAM_TAI.THAI,Tai-Kadai,1,2,2,2,2,2,2,1,1,
TK.KAM_TAI.THAI_2,Tai-Kadai,1,2,2,2,2,2,2,1,1,
TK.KAM_TAI.THAI_3,Tai-Kadai,1,2,2,2,2,2,2,1,1,
ST.BODIC.THAKALI,Sino-Tibetan,1,1,,1,1,1,2,,,
ST.MAHAKIRANTI.THANGMI,Sino-Tibetan,1,1,1,1,1,1,1,,,1
PN.NORTHERN_PAMA_NYUNGAN.THAYORE,Pama-Nyungan,1,1,,2,2,2,2,1,,2
NC.BANTOID.THEMBU,Atlantic-Congo,1,2,2,2,2,,2,1,1,1
NC.MEL.THEMNE,Atlantic-Congo,1,2,2,2,2,2,2,1,1,1
Sal.INTERIOR_SALISH.THOMPSON,Salishan,2,2,2,1,1,,1,,1,2
ST.MAHAKIRANTI.THULUNG,Sino-Tibetan,1,1,1,1,1,1,1,2,,
ST.BODIC.TIBETAN_CENTRAL,Sino-Tibetan,1,1,1,1,2,2,2,2,2,2
ST.BODIC.TIBETAN_LHASA,Sino-Tibetan,1,1,1,1,2,2,2,2,2,2
ST.BODIC.TIBETAN_WRITTEN,Sino-Tibetan,1,1,1,1,2,2,2,2,2,2
WP.NORTH_HALMAHERAN.TIDORE,North_Halmahera,1,2,2,1,2,2,2,1,,2
TAP.GREATER_ALOR.TIFOL_AFENG_ABUI,Timor-Alor-Pantar,1,1,,1,2,1,2,1,,
An.OCEANIC.TIGAK,Austronesian,1,2,2,2,2,2,1,1,1,
AA.SEMITIC.TIGRE,Afro-Asiatic,1,1,2,2,1,,1,2,,1
AA.SEMITIC.TIGRE_2,Afro-Asiatic,1,1,2,2,1,,1,2,,1
NC.BANTOID.TIKUU,Atlantic-Congo,1,2,2,2,2,2,2,1,1,1
NC.BANTOID.TIKUU_PATE,Atlantic-Congo,1,2,2,2,2,2,2,1,1,1
An.NORTH_BORNEO.TIMUGON_MURUT,Austronesian,2,2,2,2,2,2,1,1,1,2
ST.BODIC.TINANI,Sino-Tibetan,1,1,,,1,1,1,,2,
Hok.YUMAN.TIPAI,Cochimi-Yuman,1,1,1,1,,2,2,,2,
ESu.SURMIC.TIRMA,Surmic,1,,1,2,2,,2,,,2
Tiw.TIWIAN.TIWI,Tiwi,1,2,2,1,1,1,1,1,1,2
An.PAIWAN.TJUBAR_PAIWAN,Austronesian,2,2,2,2,2,1,2,1,,2
NDe.TLINGIT.TLINGIT,Athabaskan-Eyak-Tlingit,1,1,1,1,,1,1,2,,2
Gcu.SOUTH_GUAICURUAN.TOBA,Guaicuruan,,2,,2,1,1,1,,,1
An.OCEANIC.TOBATI,Austronesian,1,1,1,1,2,2,2,1,,2
An.NORTHWEST_SUMATRA_BARRIER_ISLANDS.TOBA_BATAK,Austronesian,2,2,2,2,2,2,,1,,2
WP.NORTH_HALMAHERAN.TOBELO_2,North_Halmahera,1,1,2,1,,2,2,,,1
An.ATAYALIC.TODA_TAROKO,Austronesian,2,2,,2,,2,1,1,,
UA.TEPIMAN.TOHONO_OODHAM,Uto-Aztecan,1,1,1,1,1,1,1,,1,2
Jap.JAPANESE.TOKYO_JAPANESE,Japonic,1,1,1,1,1,1,1,2,1,1
An.OCEANIC.TOLAI,Austronesian,,2,2,2,,1,1,1,1,
An.RUKAI.TONA_RUKAI,Austronesian,2,2,2,2,,1,1,,,
An.MINAHASAN.TONDANO,Austronesian,,2,2,2,2,2,,1,,2
An.OCEANIC.TONGAN,Austronesian,2,2,2,2,2,2,2,1,,
An.OCEANIC.TONGAN_2,Austronesian,2,2,2,2,2,2,2,1,,
Ton.TONKAWA.TONKAWA,Tonkawa,1,1,1,1,2,,,,2,1
IE.INDIC.TORWALI,Indo-European,1,1,1,1,1,1,1,,,
Tor.MARIENBERG.TRING_PNG,Nuclear_Torricelli,1,1,1,1,2,2,2,,,2
OM.MIXTECAN.TRIQUI_COPALA,Otomanguean,2,2,2,2,2,2,1,1,1,
An.ATAYALIC.TRUKU_TAROKO,Austronesian,2,2,,2,,2,1,1,,
Tru.TRUMAI.TRUMAI,Trumai,1,,1,1,,1,1,,,2
NDa.AVAR_ANDIC_TSEZIC.TSEZ,Nakh-Daghestanian,1,1,1,1,1,1,1,,2,
ST.BODIC.TSHANGLA,Sino-Tibetan,1,1,1,1,1,1,2,2,1,
Tuc.TUCANOAN.TUCANO,Tucanoan,1,1,1,,,1,1,2,2,1
Tuc.TUCANOAN.TUCANO_2,Tucanoan,1,1,1,,,1,1,2,2,1
An.CENTRAL_MALAYO_POLYNESIAN.TUGUN,Austronesian,1,2,,1,2,2,2,1,,
Dra.SOUTHERN_DRAVIDIAN.TULU_INDIA,Dravidian,1,1,1,1,1,1,1,,,1
Sko.WESTERN_SKOU.TUMAWO,Sko,1,1,1,1,2,2,2,,1,
NC.BANTOID.TUMBWE,Atlantic-Congo,1,2,,,2,,2,1,,1
UA.NUMIC.TUMPISA,Uto-Aztecan,1,1,,1,1,,1,,1,2
NC.BANTOID.TUNEN,Atlantic-Congo,1,1,,2,2,1,2,1,1,2
An.OCEANIC.TUNGAK,Austronesian,1,2,2,2,2,2,1,1,,
Tun.TUNICA.TUNICA,Tunica,1,1,1,1,2,,,1,2,1
An.OCEANIC.TUNOE_BABATANA,Austronesian,1,2,2,2,2,2,1,1,1,
NC.ADAMAWA.TUPURI,Atlantic-Congo,1,2,2,,2,2,2,,,
ESu.NILOTIC.TURKANA,Nilotic,2,2,2,2,2,2,2,1,1,1
Alt.TURKIC.TURKISH,Turkic,1,1,1,1,1,1,1,2,1,1
Alt.TURKIC.TURKISH_2,Turkic,1,1,1,1,1,1,1,2,1,1
Alt.TURKIC.TURKMEN,Turkic,1,1,1,1,1,1,1,2,,
Alt.TURKIC.TURKMEN_2,Turkic,1,1,1,1,1,1,1,2,,
Sio.CORE_SIOUAN.TUTELO,Siouan,1,1,1,1,,2,2,,2,
An.OCEANIC.TUVALUAN,Austronesian,2,1,2,2,2,2,1,1,,
Alt.TURKIC.TUVAN,Turkic,1,1,1,1,1,1,,,1,1
Tuc.TUCANOAN.TUYUCA,Tucanoan,1,1,1,,,1,1,,2,1
Tuc.TUCANOAN.TUYUCA_2,Tucanoan,1,1,1,,,1,1,,2,1
NC.KWA.TWI_ASANTE,Atlantic-Congo,1,2,,1,2,2,2,,1,1
NC.KWA.TWI_FANTE,Atlantic-Congo,1,2,,1,2,2,2,,1,1
NC.PLATOID.TYAP,Atlantic-Congo,1,2,2,2,,2,2,,,
May.MAYAN.TZOTZIL_HUIXTAN,Mayan,2,2,2,2,,,,,1,2
May.MAYAN.TZOTZIL_SAN_ANDRES,Mayan,2,2,2,2,,,,,1,2
May.MAYAN.TZOTZIL_VENUSTIANO_CARRANZA,Mayan,2,2,2,2,,,,,1,2
May.MAYAN.TZUTUJIL_SANTIAGO_ATITLAN,Mayan,,2,2,2,,,1,1,1,2
May.MAYAN.TZUTUJIL_SAN_JUAN_LA_LAGUNA,Mayan,,2,2,2,,,1,1,1,2
May.MAYAN.TZUTUJIL_WESTERN,Mayan,,2,2,2,,,1,1,1,2
NWC.NORTHWEST_CAUCASIAN.UBYKH,Abkhaz-Adyge,1,1,1,1,1,,1,2,2,1
NDa.LEZGIC.UDI,Nakh-Daghestanian,1,1,,,1,1,1,,,1
Ura.PERMIC.UDMURT,Uralic,1,1,1,1,1,1,1,,,
Alt.TUNGUSIC.UILTA,Tungusic,1,1,1,1,2,,1,,,1
IE.SLAVIC.UKRAINIAN,Indo-European,1,2,2,,1,1,1,1,1,2
An.OCEANIC.ULITHIAN,Austronesian,1,2,2,1,2,2,1,1,,
TNG.MEK.UNA,Nuclear_Trans_New_Guinea,1,1,1,1,2,1,2,2,2,2
UA.TEPIMAN.UPPER_PIMA,Uto-Aztecan,1,1,1,1,1,1,1,,1,2
TNG.DANI.UPPER_PYRAMID_DANI,Nuclear_Trans_New_Guinea,1,1,1,1,,2,,1,2,2
An.MALAYO_SUMBAWAN.URAK_LAWOI,Austronesian,1,2,2,2,2,2,,1,1,
Urr.URARINA.URARINA,Urarina,2,1,1,1,2,1,1,2,,1
Tor.WAPEI_PALEI.URAT_1,Nuclear_Torricelli,1,2,,2,2,2,2,1,1,2
Tor.WAPEI_PALEI.URAT_2,Nuclear_Torricelli,1,2,,2,2,2,2,1,1,2
IE.INDIC.URDU,Indo-European,1,1,1,1,1,1,1,,1,
Tup.TUPI_GUARANI.URUBU_KAAPOR,Tupian,1,1,1,1,2,1,1,,1,2
IE.INDIC.USHU_KHOWAR,Indo-European,1,1,1,1,1,,,2,,
UA.NUMIC.UTE_1,Uto-Aztecan,,1,1,1,2,1,1,1,1,
UA.NUMIC.UTE_2,Uto-Aztecan,,1,1,1,2,1,1,1,1,
UA.NUMIC.UTE_SOUTHERN_PAIUTE,Uto-Aztecan,,1,1,1,2,1,1,1,1,
Krd.HEIBAN.UTORO,Heibanic,1,2,,2,2,2,2,,,
Brs.BURUSHASKI.UYUM_NAGAR_BURUSHASKI,Burushaski,1,1,1,1,1,1,1,2,2,1
IE.IRANIAN.VAFSI,Indo-European,,1,,2,2,1,1,1,,
Man.WESTERN_MANDE.VAI,Mande,1,1,1,1,2,2,2,,,
NC.BANTOID.VALANGI,Atlantic-Congo,1,2,2,2,2,2,2,,,1
IE.ROMANCE.VALENCIAN,Indo-European,,2,2,2,2,1,1,1,,2
AuA.VIET_MUONG.VIETNAMESE,Austroasiatic,1,2,2,2,2,2,1,1,1,
AuA.VIET_MUONG.VIETNAMESE_2,Austroasiatic,1,2,2,2,2,2,1,1,1,
AuA.VIET_MUONG.VIETNAMESE_3,Austroasiatic,1,2,2,2,2,2,1,1,1,
An.OCEANIC.VINMAVIS,Austronesian,1,2,2,2,2,2,2,1,,
NC.BANTOID.VUMBA,Atlantic-Congo,1,2,2,2,2,2,2,1,1,1
NC.GUR.WAAMA,Atlantic-Congo,1,2,,1,,2,2,,1,
An.SOUTH_HALMAHERA_WEST_NEW_GUINEA.WADAPI_LAUT,Austronesian,1,2,2,1,2,2,2,1,1,2
CSu.MORU_MAADI.WADI,Central_Sudanic,1,,1,2,2,2,2,1,1,2
AB.ANSON_BAY.WADJIGINY,Anson_Bay,1,1,1,1,2,,2,,,
AB.ANSON_BAY.WADYGINY,Anson_Bay,1,1,1,1,2,,2,,,
Tor.WAPEI_PALEI.WALMAN,Nuclear_Torricelli,1,2,1,,2,2,2,1,1,2
Tor.WAPEI_PALEI.WALMAN_CHINAPELI,Nuclear_Torricelli,1,2,1,,2,2,2,1,1,2
TNG.AWJU_DUMUT.WAMBON,Nuclear_Trans_New_Guinea,1,1,1,1,2,1,,,1,1
ST.MAHAKIRANTI.WAMBULE,Sino-Tibetan,1,1,1,1,1,1,1,,,1
Man.EASTERN_MANDE.WAN,Mande,1,1,1,1,2,,2,,,
IE.IRANIAN.WANA_PASHTO,Indo-European,1,1,1,1,1,1,1,1,,1
AA.BIU_MANDARA.WANDALA,Afro-Asiatic,1,2,2,2,2,2,2,1,,1
Tor.MARIENBERG.WANDOMI,Nuclear_Torricelli,1,1,1,1,2,2,2,,,2
PN.SOUTHEASTERN_PAMA_NYUNGAN.WANGAAYBUWAN_NGIYAMBAA,Pama-Nyungan,1,1,,1,,1,,,1,2
PN.WESTERN_PAMA_NYUNGAN.WANGKA_WIRU,Pama-Nyungan,1,1,1,1,2,2,2,,,
TK.KAM_TAI.WANGMO_BOUYEI,Tai-Kadai,1,2,,2,2,2,1,,,
TNG.MADANG.WANUMA,Nuclear_Trans_New_Guinea,1,1,1,1,2,2,2,,,2
Man.EASTERN_MANDE.WAN_2,Mande,1,1,1,1,2,,2,,,
Wao.WAORANI.WAORANI,Waorani,1,1,1,1,,1,,,2,1
WY.WAPPO.WAPPO,Yuki-Wappo,1,1,,1,2,1,2,,2,1
War.WARAO.WARAO,Warao,1,1,1,1,2,1,2,,2,1
Arw.INLAND_NORTHERN_ARAWAKAN.WAREKENA,Arawakan,1,2,2,2,2,1,1,,,
An.SOUTH_HALMAHERA_WEST_NEW_GUINEA.WAREMBORI,Austronesian,1,2,2,1,2,,,,,2
Wsh.WASHO.WASHO,Washo,1,1,1,1,1,1,1,,1,1
TNG.MADANG.WASKIA,Nuclear_Trans_New_Guinea,1,1,1,1,2,2,2,,1,2
Tor.MARIENBERG.WAU,Nuclear_Torricelli,1,1,1,1,2,2,2,,,2
Arw.CARIBBEAN_ARAWAKAN.WAYUU,Arawakan,2,2,2,2,2,2,1,,1,
An.LAMPUNGIC.WAY_KANAN_LAMPUNG_API,Austronesian,1,2,2,2,2,2,1,1,1,1
An.LAMPUNGIC.WAY_LIMA_LAMPUNG_API,Austronesian,1,2,2,2,2,2,1,1,1,1
AA.NORTH_OMOTIC.WELAMO,Ta-Ne-Omotic,1,1,,1,1,1,1,,2,1
IE.CELTIC.WELSH,Indo-European,2,2,2,2,2,2,1,1,1,2
IE.INDIC.WELSH_ROMANI,Indo-European,,2,2,1,1,1,1,1,1,
IE.ARMENIAN.WESTERN_ARMENIAN,Indo-European,1,1,1,1,1,1,1,1,,
PN.CENTRAL_PAMA_NYUNGAN.WESTERN_ARRERNTE,Pama-Nyungan,,,1,2,2,2,2,1,,1
ST.BODIC.WESTERN_BALTI,Sino-Tibetan,1,1,1,,1,1,2,2,2,
May.MAYAN.WESTERN_CAKCHIQUEL_PATZUN,Mayan,2,2,2,2,1,1,1,1,,
UA.NUMIC.WESTERN_MONO,Uto-Aztecan,1,1,1,1,,,,1,1,2
EA.ESKIMO.WEST_GREENLANDIC,Eskimo-Aleut,1,1,1,1,2,,2,1,2,1
WP.NORTH_HALMAHERAN.WEST_MAKIAN,North_Halmahera,1,2,2,1,2,2,2,1,,2
Ijo.IJOID.WEST_TARAKIRI,Ijoid,1,1,,1,1,1,1,2,2,
Ber.BERTA.WETAWIT,Berta,1,2,,,2,,2,1,1,1
Cad.CADDOAN.WICHITA,Caddoan,,1,,,2,1,1,1,1,2
Cad.CADDOAN.WICHITA_2,Caddoan,,1,,,2,1,1,1,1,2
Mat.MATACOAN.WICHI_LHAMTES_GUISNAY,Matacoan,1,2,2,1,2,2,1,1,1,2
PN.NORTHERN_PAMA_NYUNGAN.WIK_MUNGKAN,Pama-Nyungan,1,1,,1,2,2,2,,,2
PN.NORTHERN_PAMA_NYUNGAN.WIRRI,Pama-Nyungan,1,2,,1,1,1,1,1,,2
Alg.WIYOT.WIYOT,Algic,1,,,1,2,1,,,1,2
AA.NORTH_OMOTIC.WOLAYTTA,Ta-Ne-Omotic,1,1,,1,1,1,1,,2,1
An.OCEANIC.WOLEAIAN,Austronesian,1,2,2,,2,2,1,1,,
An.CELEBIC.WOLIO,Austronesian,2,2,2,2,2,1,1,1,,
NC.NORTHERN_ATLANTIC.WOLOF,Atlantic-Congo,1,2,2,2,2,2,1,1,1,
Sko.SERRA_HILLS.WOMO,Sko,1,1,,1,2,2,,,,2
Sep.MIDDLE_SEPIK.WOSERA,Ndu,1,1,1,1,1,1,2,2,1,2
An.SOUTH_HALMAHERA_WEST_NEW_GUINEA.WOSI,Austronesian,1,2,2,1,2,2,2,1,,2
AA.BIU_MANDARA.WUZLAM,Afro-Asiatic,1,2,2,2,2,2,2,1,1,2
Man.WESTERN_MANDE.XAASONGAXANGO,Mande,1,1,1,1,2,1,2,,1,
NDa.LAK_DARGWA.XAJDAK_DARGI,Nakh-Daghestanian,1,1,1,1,1,,1,2,,
An.OCEANIC.XARACUU,Austronesian,1,2,2,,1,2,1,,,
NC.BANTOID.XHOSA,Atlantic-Congo,1,2,2,2,2,,2,1,1,1
NC.BANTOID.XHOSA_2,Atlantic-Congo,1,2,2,2,2,,2,1,1,1
ST.BURMESE_LOLO.XIANDAO,Sino-Tibetan,1,1,1,1,,2,2,2,1,
Tot.TOTONACAN.XICOTEPEC_TOTONAC,Totonacan,1,2,2,2,1,1,,1,1,
ST.BURMESE_LOLO.XIDE,Sino-Tibetan,1,1,1,,2,2,2,,,
ST.BAI.XISHAN_BAI,Sino-Tibetan,1,2,,1,1,2,2,2,1,
Tu.TU.XOON,Tuu,1,2,,1,2,2,2,1,1,
Tu.TU.XOON_MASARWA,Tuu,1,2,,1,2,2,2,1,1,
Tu.TU.XOON_NUEN,Tuu,1,2,,1,2,2,2,1,1,
NC.BANTOID.YABA_MBETI,Atlantic-Congo,1,2,2,,2,2,2,,,
An.OCEANIC.YABEM,Austronesian,1,2,,1,2,2,2,1,1,2
TNG.EASTERN_HIGHLANDS.YAGARIA,Nuclear_Trans_New_Guinea,1,1,1,1,1,1,1,2,2,1
PY.PEBA_YAGUAN.YAGUA,Peba-Yagua,2,2,1,1,2,1,1,1,1,2
PY.PEBA_YAGUAN.YAGUA_2,Peba-Yagua,2,2,1,1,2,1,1,1,1,2
PY.PEBA_YAGUAN.YAGUA_3,Peba-Yagua,2,2,1,1,2,1,1,1,1,2
TNG.MEK.YALE_KOSAREK,Nuclear_Trans_New_Guinea,1,1,1,1,2,2,2,2,2,
Yan.YANOMAM.YANAM,Yanomamic,1,1,1,1,2,1,1,,1,
Yan.YANOMAM.YANAM_2,Yanomamic,1,1,1,1,2,1,1,,1,
PN.CENTRAL_PAMA_NYUNGAN.YANDRUWANDHA,Pama-Nyungan,1,1,1,,2,2,2,,,
ST.BURMESE_LOLO.YANGON_BURMESE,Sino-Tibetan,1,1,1,1,2,1,2,2,2,
HM.HMONG_MIEN.YAO,Hmong-Mien,1,2,,1,2,1,1,,1,
An.YAPESE.YAPESE,Austronesian,2,2,2,2,2,2,1,1,,2
UA.CAHITA.YAQUI,Uto-Aztecan,1,1,1,1,1,1,1,1,1,2
UA.CAHITA.YAQUI_2,Uto-Aztecan,1,1,1,1,1,1,1,1,1,2
Yrb.YAREBAN.YAREBA,Yareban,1,1,1,1,1,,2,2,1,1
An.OCEANIC.YAROS,Austronesian,1,2,2,1,2,2,2,1,,1
IE.IRANIAN.YASIN_WAKHI,Indo-European,1,1,,1,1,1,1,1,2,2
TK.KAM_TAI.YAY,Tai-Kadai,1,2,,2,2,2,1,,,
TK.KAM_TAI.YAY_2,Tai-Kadai,1,2,,2,2,2,1,,,
Yel.YELE.YELETNYE,Yeli_Dnye,1,1,1,1,2,2,2,,,
MUM.MOREHEAD_AND_UPPER_MARO_RIVERS.YEY,Morehead-Wasur,1,1,1,1,,,1,,,2
Tor.MARIENBERG.YIBAB,Nuclear_Torricelli,1,1,1,1,2,2,2,,,2
PN.NORTHERN_PAMA_NYUNGAN.YIDINY,Pama-Nyungan,1,1,,1,2,,2,,,2
LSR.LOWER_SEPIK.YIMAS,Lower_Sepik-Ramu,1,1,1,1,,2,,,,1
LSR.LOWER_SEPIK.YIMAS_2,Lower_Sepik-Ramu,1,1,1,1,,2,,,,1
PN.WESTERN_PAMA_NYUNGAN.YINDJIBARNDI,Pama-Nyungan,1,2,,1,,1,1,,1,2
Pen.YOKUTS.YOKUTS_TINLINNEH,Yokutsan,2,2,2,,1,1,1,,1,2
Pen.YOKUTS.YOKUTS_UNKNOWN,Yokutsan,2,2,2,,1,1,1,,1,2
TNG.OK.YONGGOM,Nuclear_Trans_New_Guinea,1,1,1,1,,,2,,,2
NC.DEFOID.YORUBA,Atlantic-Congo,1,2,2,2,2,2,2,1,,
OM.MIXTECAN.YOSONDUA_MIXTEC,Otomanguean,2,2,2,2,2,2,1,1,1,
HM.HMONG_MIEN.YOUNUO_BUNU,Hmong-Mien,1,2,,1,2,2,1,,,
Yuc.YUCHI.YUCHI,Yuchi,1,1,1,1,2,1,2,1,1,
Arw.INLAND_NORTHERN_ARAWAKAN.YUCUNA,Arawakan,1,2,1,1,1,1,,,,
Arw.INLAND_NORTHERN_ARAWAKAN.YUCUNA_2,Arawakan,1,2,1,1,1,1,,,,
Yka.YUKAGHIR.YUKAGHIR_TUNDRA,Yukaghir,1,1,1,1,1,,1,,,1
CSu.BONGO_BAGIRMI.YULU,Central_Sudanic,1,2,2,2,2,2,2,1,1,
ST.BAI.YUNLONG_BAI,Sino-Tibetan,1,2,,1,1,2,2,2,1,
Alg.YUROK.YUROK,Algic,1,,,1,1,1,1,,1,2
OM.ZAPOTECAN.ZAPOTEC_MITLA,Otomanguean,2,2,2,2,2,2,1,,1,1
OM.ZAPOTECAN.ZAPOTEC_YATZACHI,Otomanguean,2,2,2,2,2,2,1,,1,
OM.ZAPOTECAN.ZAPOTEC_ZOOGOCHO,Otomanguean,2,2,,,2,2,1,1,,2
Son.SONGHAY.ZARMA,Songhay,1,,1,1,2,2,2,,,
AA.NORTH_OMOTIC.ZAYSE,Ta-Ne-Omotic,1,1,,1,1,1,1,2,,1
IE.IRANIAN.ZAZAKI,Indo-European,1,1,1,,2,1,1,,,1
AA.NORTH_OMOTIC.ZERGULLA,Ta-Ne-Omotic,1,1,,1,1,1,1,2,,1
NC.BANTOID.ZIBA,Atlantic-Congo,1,2,2,,2,2,2,1,,1
May.MAYAN.ZINACANTAN_TZOTZIL,Mayan,2,2,2,2,,,,,1,2
NC.BANTOID.ZOOMBO_1,Atlantic-Congo,1,2,2,2,2,2,2,,,
NC.BANTOID.ZOOMBO_2,Atlantic-Congo,1,2,2,2,2,2,2,,,
NC.BANTOID.ZOOMBO_3,Atlantic-Congo,1,2,2,2,2,2,2,,,
NC.BANTOID.ZOOMBO_4,Atlantic-Congo,1,2,2,2,2,2,2,,,
NC.BANTOID.ZULU,Atlantic-Congo,1,2,2,2,2,,,1,1,1
NC.BANTOID.ZULU_2,Atlantic-Congo,1,2,2,2,2,,,1,1,1
NC.BANTOID.ZULU_NKANDLA,Atlantic-Congo,1,2,2,2,2,,,1,1,1
Zun.ZUNI.ZUNI,Zuni,1,1,1,1,2,1,1,,,
